"","text"
"1","salah  wisata ng disuka  jawa  berkalikali  kesini candinya tetaik  terjaga     emi covid fasilitas  keamanan    ala   bergerombol   ramai "
"2","sejarah banget nih  cuman kalo  kesana  siang siang  s bangettttterus ambil t tiket masuk prambanan  ratu boko kalo weekday harganya  ribu  weekend  ribu  ir kendaraan  candi prambanan "
"3","biaya masuk rbdewasa anak  tarif  kalo  mengunjungi temwisata  disitu kalo   guide   bayar jasanya  sfoto menarik yg berbayar   rb  sewa    "
"4","cagar budaya  indah  luas  belajar sejarah  cuci mata  ruang terbuka hijau  terawat   luas  tiket  menikmati indahnya candi prambanan candi sewu candi bubrah  candi luwung "
"5","  membawa keluarga berkunjung  candi  megah cantik  luas    yaratan khusus  emi  mereda  tetatuhi okol kesehatan koms candi utama   dinaiki sei turan "
"6","ssru seru serudari sekian candi yg ah ku kunjungi  suka  banan  corona masuk banan wangi bunganya semerbak otw dr loket  "
"7","candi   borobudur  ah dikunjungi sayang  masuk   candinya  diolehkan   emi   dibuka  skrg penasaran  lihat langsung ng loro jonggrang "
"8","   langsung terlintas  otak  dateng kesini penataan nya raedbd suka  jalan jalan   walaucuaca  s sayang sih   masuk  candi karna   kondisi  mudah mudahan em "
"9","candi prambanan merun candi hindu terbesar  indonesia   indah   megah  merun warisan budaya indonesia  situs warisan dunia unesco   dilindungi kelestariannya  rintah candi prambanan "
"10","late   des  berkesemn  prambanan  bs kesni lg stlh sekian   sei candi borobudur   emi tdk   keatas candi  "
"11","candi i i letaknya  gir kota jogja atasan  klaten  midah dijangkau  letaknya  jalan utama jogja areanya  luas  bersih      garan bebera"
"12","situs sejarah  temwisata   menarik   budaya seni  arsitektur zaman a   mamenghasilkan "
"13","bagus  cocok  wisata keluarga jalan keliling candi saran k   nyaman karna temya luas   cocok   malas jalan bawa ng bagus  karna disana s   luawa air "
"14","one of the biggest hindustan tem semoga bener nulisnya sekedar info samhari    august       masuk kedalam badan candi alias    lihat  keliling    tu cukuk    menikmati  indahannya"
"15","candi  megah     sabtu   jam    samdi kawasan candi    ramai unjung taelum h      siang   ramai pengunjung    "
"16","temwisata sejarah  wajib dikunjungi  yogyakartasolo fasilitas lengkai ir toilet temmakan temistirahat museum r oleholeh  unit kesehatan pengunjung  memasuki kawasan candi prambanan candi "
"17","recommended   liburan keluargabanyak disediakan temcuci tangan  ga u khawatir jalan  iran kendaraan lumayan bikin keringetan sih hehe  r  harga  relatif murah  lengka"
"18","biaya masuk rbdewasa anak  tarif  kalo  mengunjungi temwisata  disitu kalo   guide   bayar jasanya  sfoto menarik yg berbayar   rb  sewa    "
"19","uang tiket masuknya k orang   banan aja kalo    ratu boko  k orang temya bagus  rindang  sejuk taayang candinya  es aikan taasih   sfoto  bagus  "
"20","  keluarga i  candi banan  keduaketiga lebaran idul fitri  kebayang  ramenya kaya gimana     tiket masuknya ribu orang sayangnya  kesana siangsiang bolong  snya "
"21",NA
"22",NA
"23",NA
"24",NA
"25",NA
"26",NA
"27",NA
"28",NA
"29",NA
"30",NA
"31",NA
"32",NA
"33",NA
"34",NA
"35","candi hindu terbesar  indonesia  legenda candi     dibangun  bandung bondowoso  intaan roro jonggrang   malam  bantuan jin    candi  tercatat  resmi "
"36","berkunjung  sabtu  ramadhan  h  masuk  scan li lindungi harga tiket dewasa  fasilitas lengkalai  ir kamar mandi mushola temoleholeh "
"37","temnyaman pelayanan ramah  harga  terjangkau  mahasiswa harga tiket dewasa mancanegara rb  anakanak usia   rb dilarang bawa makanan disni  jaga kebersihan  fasilitas mobil   "
"38"," menyenangkan berkunjung  candi candi  jawa   terawat bersih  nyaman terdacafe   komsnya   catinggal melisejenak harga tiket masuk juni   rb dewasa   t "
"39","area irnya luas  bis  mobil terh ya  mobil lumayan  nnya dikit "
"40","menyenangkan   alaman  cuaca s taekarang   tanaman  rumdi  yg  suasana lenih sejuk tersedia  beberaembermain disekitar yg menyewakan  otolistrik dll "
"41"," prambanan      kesini  sekian  walausering   area banan  kegiatan kantor taa ah masuk anak     amaze    denger cerita roro jonggrang aja "
"42","     candi tetaengunjungi prambanan  menyenangkan "
"43","klo  jogjakarta semn yaa mamke salah  situs nggalan   emi covid  ujung wajib scan li lindungi vaksin  yg tdk  vaksin krn alasan  wajib menunjukan surat ket dokter  "
"44","candi prambanan merun candi hindu terbesar  indonesia tiket masuk  dibeli langsung   online melakui tiketcom traveloka  travelink harga tiket dewasa r "
"45","berkunjung  salah  cagar budaya    area yogyakarta  candi prambanan  situs sejarah  merun candi  megah  "
"46","   tahunan   kemari harga tiket  gak salah inget  k dewasa kemarin dateng  mendekati liburan anak sekolah harga tiket dewasa  k anak k kali   keliling nya  kereta sewa kereta keliling  beberaandi k   org terjaga kebersihannya  "
"47","kawasan candi banan memiliki  lokasi candi utama taemang jaraknya berjauhan  ditemdengan jalan kaki   turis  mengunjungi candi roro jongrangnya  "
"48","mengunjungi wisata sejarah  menyenangkankom candi yg indah bersih  nyamanmeski   candi banan  yg  dir  yg  keliling tanalan kaki bs  kendaraan khusus yg disediakan elola "
"49","setia jogja i  mengunjungi candi prambanan   trans jogja  harga r  kisaran   jam  harga tiket dewasa r "
"50","koms candi prambanan senantiasamenarik  dikunjungi   megah  indah   kunjungan    senin eksasi  r utama "
"51","       aja terkagumkagum  candi  maha karya    yg  saksi sejarah  kejayaan kerajaan    istri  anak   ama kali     yg ng  "
"52","kunjungan wajib  salahsatu landmark  yogyakarta  cuman disarankan kalo kesini  pagi   sore  "
"53","sayang    masuk  candi    jam  sore    jauhjauh  dejawa barat kecewa  sih  kali   cari info  diinternet   jadwal bukatutundi "
"54","mamkesini  ng  bekasi   kemaren dateng sore taernyata tutu jam   gak jadii eh tallhamdulillah  mamdulu   samini jam an  seger bgt   rame snya "
"55","aaaa cantik banget candinya sumorang  sebenernya  bikin mahakarya secantik  candi prambanan  luas   diadakan konser musik   "
"56","alhamdulillah    tertunda  emi   kesini bareng temen seuangan  madrasah kabun lam selatan   wisatawan   usia   sarankan  mengambil jalan   de"
"57","salah  mahakarya      indonesia temyang menyatukan sejarah budaya agama ketenangan  keindahan ilmu sejarah    jari  jaman sekolah langsung tervisualisasi    ujung "
"58","harga tiket masuk korang  wni  dibeli  on the sbisa  beli  traveloka "
"59","pengalaman ama  candi prambanan  temya tertata raagus  rindang taangan lua sistbawa bekal  jajan  minum  masuk lokasi      orang jualanjngan lubungkus jajanmakanan n minuman dibuang  temsamya  jaga kelestarian lingkungan"
"60","akses masuk mudah ir motor rb   tiket masuk wisata rborang dewasa  t rb   wisata maksimal samjam    bawa makanan     s  n sejuk sewa mobil golf rborang sewa  rborang"
"61","salah  temwisata yg wajib banget  kunjungi   main  jogjakarta  luewa   candi sewu yg   kom candi prambanan  bagus candinya   syg instagrammable   sepi"
"62","bagus tetaisayangkan    keatas candi karna covid enak   lemasker tetaetarus h okol kesehatan   keiran jalanya muter   "
"63"," kali mengunjungi situs nenek moyang   keindahannya its really really amazing  ukiran orsional bangunan  kekuatannya "
"64"," candi   jogja  trans jogjajalannya lumayan kurleb  km jam masuk jam   situasi cuaca cerah mendukung  foto beli tiket terusan  candi ratuboko tahuttle bus nya jalan jam     keliling  mata  candi prambanan"
"65","beberaali berkunjung k  ttnyenangkan t kali  sewa local guide tour  rb   lebihkn  tiworth it  krn   s foto yg bagus  bantu memotret prambanan as good as usual lokasi lbh "
"66","harga tiketnya cukurjangkau    menguras domdan ndangan  ditawarkan  indah    ppkm  setiangunjung wajib   vaksinasi  dibuktikan  sertifikat vaksin   "
"67","takjub prambanan  memna "
"68","situs candi yg  menarik   kunjungi   temibadah  situs sejarah   temwisata   terkenal   mancanegara temya  terawat   temdengan bus trans jogja  kota harga tiket masuk sesuai  fasilitas  alaman yg  "
"69","candi banan htm banan  rb anak  rb t banan ratu boko  rb temyang wajib dikunjungi   jogja   dibandingkan  candi borobudur cocok  wisata keluarga diujung jalan  terdajualan khas jogja  toll  sewa scooter   utk kelilibg banan"
"70","penataan temwisata   lumayan radan bersih lokasinya jg ngk   kota  jogja kunjungi teminilah salah  melestarikan budaya kl   siag kl  skrg kalagi"
"71","temwisata yg  ah lekang   dr   samdewasa msh worth it  dikunjungi candi   fasilitas  dalamnya terawat   biaya tiket masuk k klo beli via online k  selisih k tmayan "
"72"," beberaeraturan terbaru  candi prambanan   rangkum   sumber "
"73","harga tiket masuk kesini k  candi prambanan merun candi hindu terbesar  indonesia   indah  megah  merun warisan budaya indonesia  situs warisan dunia "
"74"," kali nyobain  candi prambanan area nya cukuas  suntuk foto candinya lumayan   cukutuk mendaan gambar terbaik area prambanan cukursih disediakan tour guide   temmembeli souvenir  area "
"75","bagusss banget   syg   exe  candi banan  beberaom candi   dalamnya yg ga kalah bagus  menarik   jalan kaki  sewa kendaraan yg  disediakan  keliling"
"76"," candi yg luarbiasa  enak menikmati  soremeski kalo foto bagus  siang masi ski candi sewu nya karna susah  tutun jalan nya   "
"77","krn kmrn   msh suasana emik  menjelang idul fitri  cukumai msh dgn menjalankan es pintu  yg cukuuh  muter jd krg ramah utk anak balita fasilitas  nya bersih"
"78","harga tiket masuk  cukuhal  masuk  jam makan    membawa makanan      resto taukuuh   rute  candi  harganya makanannha mahal taasanya   temmakan  murah taarus  "
"79","salah  warisan budaya orang jaman    candi   dir  candi    tahanservasi kesini   angunan "
"80","kalo  jogja sebenernya  cuku prambanan  wisata candi   wisata museum daban jawa kuno berurasasti bebatuan  bangunan zaman  daban hindu budha  tanah jawa   wisata  makan rusa  belajar memanah taman"
"81","prambanan menera aasi li lindungi untu unjung nya    sertifikat vaksin areanya cukuas  berjalan   mobil golf berbayar am toilet  musholla bersih dilarang membawa makan  "
"82","suka seumur hiduru kali  berkesemn  candi    prambanan  ama pucuk  bbrndi   jatuh  diaiki diikat dgn kawatbesi akibat gemang  tada   dibiarkan  "
"83","sabtu  oktober    rombongan berkunjung  candi prambanan   ian adat jawa  salah  candi    tahanovasi  u cari angle   o tetathetic  sdi "
"84","salah  kebanggaan indonesia   candi prambanan  harga tiket masuk d hminggu org rrb    candi prambanan qta  sewa mobil golf orang rb    iran    candi yg laen"
"85","pas dateng kesini emg  under renovationsaran sih kalo   under renovation    infokan   su foto bagus  wisatawan mancanagera    kecewa "
"86","suka  jalan jalan  tembersejarah sei candi banan harga tiket msh tergolong wajar utk usia      kenakan tarif rb orang tarif ir mobil rb"
"87","candi    terawat  bersih   mengunjungi situs candi tauga    sei temlatihan memanah mini zoo t  museum cafe resto   han swafoto"
"88"," x nya berkunjung kesini dyg lumayan  liburan sekolah h kesana utk ama x nya beli tiket terusan bananratu boko k   kebagian utk naek mobilnya jd   gunain mobil adi utk  arah ratu boko   deket eehh taunya jaaaohh banget"
"89","tembersejarah  wisata  jogjakarta    belajar   candicandi    banan  kom   candi utamanya banan   lihat  candi sewu   berjalan  kebelakang   samdi candi sewu   candi lumbung  candi bubrah"
"90"," radan bagus candi prambanan cocok  liburan keluarga  memenalkan  anak terkait sejarah nusantara kemegahan arsitektur indonesia temulu    t diaiasi  candi area taman "
"91"," banan corona  merajalela tdah   ketat unjung cukunyak    diolehkan main  taran aja   taa banget foto foto   estetik"
"92","candi prambanan yg  dir  gemasih menawan  dikunjungi sdh  berubah tnarik r  jg lbh ra tertib   mamklo  jogja"
"93","belajar sejarah  mengunjungi nggalan candi masuk   bawa makanan minuman  makanan dititi   diamb "
"94","   kali ama  keluarga kalo  kesini   teman  acara kantor  solo berangkat  dzuhur  jam  mambeli es dawet ngudi "
"95","bangunan candi nya keren area nya luas cocok banget  liburan bareng keluarga  candi museum kandang rusa  berkeliling  beberailihan   bis tayo mobil golf skuter dll "
"96","kesan ama rame banget  kunjungan sore  weekday tiket  lumayan mahal hehesy  kemana tketnya gk semahal inihehe "
"97","pokoknya    candi banan amazing candi prambanan dibangun  abad  menjulang   meter  ornamen  mengagumkan kecantikan candi hindu   tertandingi "
"98","estetik banget heheh  kali    gak bosen harga tiket masuknya k orang  dewasa     ambil "
"99","  bosan kalo berlibur  yogyakarta walo  bbrali  candi prambanan teteja wajib  kadg kesan "
"100","   kesini mending sewa ng  aassss bangeeett  luake sunblock  i   nyaman  jalannya lumayan   fasilitas temshalatnya   yaa diarah u     "
"101","amaziing amazing amazing indonesia kaya  cagar budaya mencerminkan  daban jawa    maju walauharga tiket lumayan mahal taorth it kebersihan temsudah   atikan notabene  wisata "
"102","asli  cobain  banan sore sore bagus bangeeeeet alhamdulillah nya  dasunset meskihari libur nasional taamenya   wajar sih jd   menikmati suasananya sayang banget  ga    "
"103","  berkunjung  taran petugas  warga  ramah syang oke  berswafoto   mengenalkan salah  cagar budaya  teman  anakanak msh  garan cagar budaya  beberaitik jgn luake sunscreensunblock  toada ewaan ng sih haholiday"
"104","karna  gemd  candi candi  rusak  kemarin  dlm tahambangunan candi candi  roboh tantuk yanan  ndangan  cantik nan estetik candi banan cocok  wisata keluarga   candi banan terdacamdi ratu boko  camdi sewu    destinasi wisata disitu"
"105","tiket masuk  k   candi ratu boko k  kemarin diarahkan  loket   yg t eh samoket  auto dkasih tiket prambanan aja teterus ngmong  kayanya kalo  yg t  seru sih kalo mengunjungi cagar budaya kaya gini"
"106","masuk  candi  rb  dewasa  masuk  yg bawa tas  dicek krn ga  bawa makanankl minuman bolehnah  yg males jalan   en keliling  candi diarea   mobil golf rb mobil  mobil "
"107","prambanan udah  salah  wisata   banget  datengin kalo  jogja  emi  masuk  wajib menunjukan kartu vaksin   scan barcode  pedulilindungi wajib  masker yah inget "
"108","أنصح بزيارته انه رائع جداbagaimana     indonesia   mengunjungi candi  berusia   seribu  fotografi  dalamnya  indah sarana transasi tersedia staf sei  orang indonesia  ramah toiletnya karestorannya  keren"
"109","kawasan wisata yg  lindungibukka hnya sd jam  sorebisa n tiket online  ga  antridi  kawasan candi  area souvenir dna   lumayan lengkaamar mandi cukunyak lumayan bersihdari banan  tri tebing breksi i jeeumayan seru"
"110","situs bersejarah   a sayangnya  watan   u candi ditutualan masuk      minus  situs  "
"111","temnya luas taalau  siang  s bngt mending  sorean  ga  s    sunset  tiket orang k"
"112","tamannya bersih   temduduknya candinya  bersih tetaungkin   rajadi skrg tdk bs masuk   dr  bangunan candinya dirute   ewaan segway rbmnt lumayan bs keliling ditaman "
"113","situs bersejarah lokasi  atasan klaten jateng dgn jogjakarta  tersedia t tiket  situs ratu boko    jemdgn mobil travel protokol covid cukutat  berkunjung"
"114","temwisata  bersejarah yg bagussayangnya  candi  yg roboh  gemi thn  dgn kekuatan  srt  tetagus  cocok utk wisata keluarga"
"115","as magnificent as ever   koms candi   museum  dalamnya  malas berjalan kaki  shuttle  sewa  jalan   diarahkan  area gang suvenir  makanan"
"116","candi yg megah keren  bersih sayang   ga   tas koq muter   candi   mobil wisata tayo dgn tarif k org"
"117","wisata yg mengedukasi  anak anakkum  taman bermainya jugasayang    ijinkan masuk kedalam candi  anak anak saran  isi  candinya "
"118","saran      gak banyakirang   free leluasa   ambil foto htmnya k  luxe  candi    sekitaran prambanan bener bagus temya bersih "
"119"," harga tiket  lmyan terjangkaunamun  shelter ewaan kendaraan   jadikan  sajatidak temyang terh masukan lgmungkin   tambahin toilet  musholadengan harga tiket segitutoliet  gratisjgn berbayar"
"120","parkiran luas    ir liar  gas keamanan  oli  sei borobudur    juru ir liar kebersihan temdan toilet  bagus pengunjung  memakai stroler  "
"121","tiket rb amazingg viewwnyaaaaaluar biasaaa istimewaaahebattseii lukisaann  masuk gak  bawa jajan yaaaaabnyk sfotookaryawan ramaa "
"122","kawasan wisata   legend   sya bersekolah sd   sya berunur an sei  harga tiket  dewasa berkisar rb  ubtuk anak sekotar rb bersiaah membawa ng yg sdh  sediakan  dintu masuk "
"123","pros  situs candi terawat    rekomendasi   wisata  yogyakarta "
"124","candi prambanan merun lokasi wisata  wajib dikunjungi    i  jogja  candi borobudur situasi  area candi prambanan  cukunas    membawa ng     ribet  ojek "
"125","pas nyamdi candi prambanan cuacanya  mendukung gaes langit  biru  arak arakan awan menambah kemegahan prambanan taman disekitar nya  cantik  asri banget lho udah gitu  museum nya  eh    beli "
"126","htm  k orang  candi prambanan temya bersih sejuk pas    honan  santai  lesehan disarankan membawa ng  siang s e  mantab"
"127","pengunjung cukume es tetajalankan  aasi li lindungi  check suhu antrian   riskan   konter tiket masuk tetaenderung diantrian es salah  destinasi wisata  wajib dikunjungi "
"128","   lihat  buku sejarah   megang  lihat candi     candi prambanan  amazing   candi prambanan   belajar  lakilaki   an  wanita   cintai  candi "
"129","prambanan  sejuk honan nya   rimbun  suntuk foto nya  wahana   rusa  hewan eksotik  gak u bayar "
"130","tiket murah parkir luas area candi  luas  bersih area  adem asri  honan sarana ukung lengkaan luas kebun binatang mini area bermain anak petugas  gang  ramah"
"131","dateng   nonton konsernya sheila on  acaranya jvw festival   g keliling candinyaudah tutuses masuk  candinya soalnyaheheefoto malem background candi   jugaview candinya tetekeren  knya"
"132"," mahakarya    dr nenek moyang  arsitektur  waow  terbayang  rumitnya bangunan  sayang   candi  koms  roboh candi  dibangun  abad   dimasa rintahan "
"133"," sd   anseingat  kesini  kering kerontang tdk   iran nyanamun skr  bagus   rumtertata rahon yg  menjulangwarisan yg menyenangkan  membanggakan indonesia"
"134","  healing  cocok sih agi  suka ngeliat bangunan kek gini i suka bgt masuk   cukuyar k orang angka segitu sebenernya tergantung eorang sih taajar  harga segitu sih   orang   healing   recommend "
"135","keren  sfoto nya gaesstiket masuk r rb  orangkalo  masuk  hrs a peduli lindungi gaesmau belanja   murah bangetcuma makan yg d giran u  kluar    enakmaaf   kbetulan  "
"136","touristic attraction  prambanan tem  layak  dikunjungi  memahami sejarah  daban masyarakat "
"137","kesini weekday tiket rb orang  banan  candi lumbung candi bubrah candi sewu  sewa   keliling harga rb orang  wahana h harga rb orang"
"138","merun candi hindu terbesar  indonesia dikenal   candi roro jongrang  terletak  jl raya solo yogjakarta     htm  r  unjung     masuk   candi sei ag "
"139"," kangen jogja banan tiket masuk k   bawa makanan kecuali air minum      area candi banan   batasi  samjam  sore"
"140","candi prambanan  candi roro jonggrang  koms candi hindu terbesar  indonesia  dibangun  abad  masehi temya asik bersih   langsung  nggalan bersejarah  abad  masehi "
"141"," bandara yia langsung kesini  mamsebentar  hotel  check in sholat  makan siangsamdi prambanan menjelang sore  cuaca   s  cenderung mendung kawasan candi nya luas   "
"142","temsangat luas terawat  bersih  wni harga tiket rtiket  wna yg  a kitas harga tiketnya tiket "
"143","destinasi wisata  indah terawat  indah taarena  luas  u keluarnya memutar  cukulelahkan  anakanak  lansia  u   ual  khas yogyakarta  kios ual makanan"
"144","candi hindu yg   jogjakarta  merun salah  candi terindah  asia tenggara harga tiket masuk turis lokal rb  dewasa rb anak rb  turis "
"145","biaya masuk r cuaca dijamin s taenang  ewaan ng dilarang merokok dikawasan candi  kursi t  u masuk candi biaya r mnt"
"146","bagus banget fyi  pandemi   masuk   candi disana  main han kasih makan rusa     disarankan memakai totau ng  berkunjung siang  cintai negeri   merawat  menjaga nggalannggalan nya"
"147","candi  cerita legenda dibangun    semalam  pesan teman   "
"148","harga tiket  murah   rb  org temyg bagus  mengenalkan budaya indonesia  anak merun candi yg   sfoto yg recommended dir seni nya  barang  nya murah  knya menyenangkan "
"149","areanya luas pintu msuk   beda harga retribusi utk wisatawan lokal   negeri berbeda biar  murah beli tiket terusan dg candi ratu boko "
"150","destinasi yg bagus   sejarah bangsa indonesia  wisata  keluarga diu   jualan umkm hasil rajin lokal dgn harga murah"
"151"," langsung  candi prambanan  taaik golf car  candi sewu candi bubrah candi lumbung   candi prambanan    koms selias an ha biaya  golf car rrborg utk katas  org  katas "
"152","tarif masuk  terjangkau sekian  nggak kesini   wahana yg  dinikmati    sore datangnya sfoto     bagus  menyenangkan   prambanan"
"153","pengennya  sendratari syaangnya datangnya  weekend weekend   kobdisi  dibuka candi  salah  warisan nenek moyang dengen crita melegenda dibelakangny  ba  jual kisah sejarahnya diarea candi"
"154","   candihal  kesitumohon diinfo  gas  info  web ato medsos ato yg lainagar unjung  kecewahal temwisata nya istimewa bangetbagus "
"155","fhoto baruya   jogja kali    prambanan  kali senang aja betah  banan nnya rindang udaranya sejuk harikrn  jd gak  ramaitli   gak  masuk candi cm  terasny aja ktanya sih krna "
"156","kisini weekend  jam an  ga  s banget harga tiket rb suasana enak teduh  fasilitas  duduk santai tolong aiki toilet sumtoilet jongkok aja rusak  ga diaiki  kotor"
"157","candi nya bagus area nya  bersih  terjaga cm tdk  memasuki  candi  umur candi  sdh tua sayang  diasa hujan  tdk  sehnya menikmati "
"158","peninggalan sejarah   biasamegahtemwajib    kunjungi    kota jogjacukungan htm r ribu rasakan sensasi zaman  lamyang sakuler"
"159","luas banget  jalan   bawa anak balita  luawa stroler  luotau ng  krim sunblock bagus  mengenalkan mahakarya leluhur  anak  mengunjungi temini  "
"160"," bahagia  menyaksikan nggalan sejarah     ditelusuri  berjalan kaki  berkesan taarus siaergi"
"161"," prambanan ama kali   usia  tahunan  inget gegara  foto bareng keluarga "
"162","alhamdulillahbisa berwisata  candi prambanan  membawa peserta pelatihan atur desa  anggota bpd seprovinsi kaltim sesuai idm desa tertinggal "
"163","halamannya luas  megah bersih nyaman  foto bagus  museum nya  bagus  sejarah  kisahnya biar   m "
"164"," candi   aikan     kerja  cuaca  mendung taas  iran langsung hujan disana ramai  anak sekolah   study tour    menawarkan sewa ng seharga rb lumayan biar gak kesan disana"
"165","candi banan merun salah  warisan budaya indonesia   terkenal merun candi hindu terbesar  indonesia review   dadilihat  yt  ya"
"166"," mamke candi prambanan kalo  yogya ga afdol kalo  yogya ga  prambanan    alangan    dinikmati  segi  berbeda semoga   dinikmati samanakcucu  unjung   menjaga  merawat     tetastari"
"167","ulasan  sekedar yg  tau     detail  k elola yg  tau harga tiket dewasa k  anak k "
"168","keren banget candi prambanan warisan nenek moyang  arsitektur yg keren   estetika   original jawa lingkungan candi  adan asri manta knya"
"169","candi bersejarah  cerita  melegenda  diaiki diiran danbtaman lumbini pelayanan  keamanan ditingkatkan banyakbyg jualan memaksa sewa jeeng memaksa"
"170"," kesini sma  tdk salah  skrg bawa anak anak krn  senin     area  tdk  enankan masuk area candi      foto    megahan "
"171","kom candi hindu   indah disarankan  membawa ng  toarena cukunas makanan  minuman dilarang masuk area candi"
"172","pengalaman  menyenangkan disaat liburan anak menambah ilmu etahuan  anakdisana  ndunya yg ramah   bangetmenjelaskan  detail taidak membosankan"
"173","wisata sejarah yg bagus salah  destinasi belajar  wisata tai sarankan  membawa to ng   siang    rekomendasikan sore   jam     s"
"174","sektor wilayah prambanan  luas  ndangan takjub kom candi prambanan sungguh   ramai unjung   weekend    weekdays normal   t"
"175"," kalo  candi prambanan  muter keliling doang taas  prambanan jazz kemarin wuiiiii keren bgt candi nya kalo malem gituuu walautemnya s taebanding  view nya "
"176","indah bgt  foto hindari   senin krn tdk bs masuk area candi banan biaya masuk ckuhal orang rb jgn luewa ng  siang "
"177","alhamdulillah  kesini tiketnya  r rang iran mobil  r sayang   gemadi  candi  runtuh "
"178"," tiket masuk dewasa k  org candi  aikan    masuk  candi  berkeliling  sam candi "
"179","tiket masuknya r orang temya nyaman  bersih  wisatawan   menikmati candi      diizinkan    candi   candi  area   makan rusa makanannya  dibeli  harga r"
"180","harga tiketnya  ribu  orang dewasa  berkunjung  senin candinya gak  ramai  sam candi   angunan  renovasi  ndangan candi   alternatif kegiatan  sei  mobil "
"181"," bagus temyang  rekomendasikan  dikunjungi   jawa  salnya   nta nggalan sejarah buka  l    htm  rang  worth  ag didaan"
"182","such an amazing e pas liat langsung kaya yg gak  ngomong ani beneran arsitektur jaman   bener bener gak       sakin indahnya pokonya mantul mantatulllll"
"183","walaumitosnya klo kesini sm ngan  sberh jgn takut utk kesini ya namanya jg mitos yg  ara jodoh ya  tangan allah swt"
"184","candinya bagus tertata raan bersih prosedur booking onlinenya sgt memudah pelayanan gas jg ramah toilet jg bersih"
"185","sayangnya  samtaran nya   es sesuai  standar rintahbanyak gas keamanan   unjung melanggar aturan llyang  diteta   tegur"
"186"," ah luakai sunblock toacamata hitam  ng     s  cuaca    extreme    l   setemwalaumenjelang sore cuaca   s "
"187"," tertata    kondisi cukunas cuaca disana iabawa toayung  jg minum secuku agi utk anak anak diatikan  utk halte shutle banan   ratu boko khusus diratu bokonya alangkah baiknya "
"188","one of indonesia heritage semoga  unjung nya sll menjaga kelestarian  kebersihan lingkungan candi temyg  dijadikan acara festival musik"
"189","temwisata bersejarah merun candi hindu terbesar  indonesia dibangun  abad    rintahan raja rakai pikatan terletak  bokoharjo prambanan sleman"
"190","situs bersejarah  bagus  suasananya enak taumayan s  siang tembelanja   lengkae arah jalan   mobil golf  disewakan  keliling  candi candi lumbung candi bubrah  candi sewu"
"191","bersih  temya harga tiket masuk dewasa k anak  k enaknya   kesini   s hehehe"
"192","tiket masuk  ribu dewasa  keliling  area candi kalo  siang usahakan bawa ng "
"193"," bersih  ok candi nya semoga tetarawat  beli tiket  aja rb bagusan lgsg  beli yg  ratu boko rb   shuttle bus nya"
"194","harga tiket r taalau t candi ratu boko r ir motor r "
"195"," candi  rusak   kesana  bawa ng  s banget  luawa ng  sewa ng cukurb  dii  ng"
"196"," kesini hujan taak mengurangi keindahannya temya cukuas candinya bagus dideada g  yg  dibangun"
"197","candi prambanan merun candi hindu  terbesar  indonesia samsaat   dadiikan kacandi  dibangun   ntah siaamun kuat dugaan  candi prambanan dibangun  engahan abad   "
"198","salah  jejak kebesaran leluhur yg  terjaga  gas yg ramah  temolehnya tertata jg  harga yg murah dg harga   ru anak  senang "
"199","alhamdulillah sdh  kin ksini skg  keluarga semoga kedea  keren  kawasan jg   jd kebanggaan bangsa"
"200","desember  ga     candi   covid  krn  tangan jail  ga    masuk   candi    thn    rugi bangeeett ga "
"201","parkiran luas jalan  candi banan  u masuk cukukat        candi  foto  mendengarkan cerita tour guide  sekitaran candi  berjalan   candi banan  iran "
"202","bagus lokasi nya   luas  biaya r  dewasa  r  anak cocok nya dikunjuni    sore   membawa ng  yg  kuat s"
"203"," bagus wajib dikunjungi   yogyakarta situs bersejarah   ing memihatkan kejayaan tanah air   lampau"
"204","salah  temwisata  recomendedtiket masuk dewasa rbanak rbdan u tau  makanan   terjangkau harga nyanya keren bgt deh"
"205","area ir  luas lingkungan  tetarjaga kebersihannya  smenarik  berfoto  ainan  anak  area candi"
"206","panas banget  siang taagus  sfoto   damelihat keindahan candi prambanan   keliling mengunakan "
"207","udah  gak kesini  lbh  th  taedikit kecewa  udah gak   kayak    aran candi ajja taumayan  mengobati kangen "
"208","area candi luaskarena  emi   tdk  masuk kedalam candi yg  ng roro jonggrangnyajadi   tarantaemua bersih  terawatyuk visit  candi prambananbanyak ainan  toko souvenir "
"209","candi terkenal  kota jogja konon  mitos  diayai warga lokal   yg  menikah   berran  mengunjungi candi prambanan   ngan     i  s percaya   taanyak warga lokal yg aya  "
"210","  kesini   sd  kesini    istri   anak      tertata   hijau   s unt "
"211","cagar budaya bangsa indonesia  dunia temyang t  kunjungi  anak anak  "
"212"," sekian   kesiniakhirnya kesini lagitemya bersih ya sekaranglebih teratusbanyak object  toanaccesoriess  dijual  rajin  samatetamai sei "
"213"," masuk  li lindungi bukti  vaksin harga tiket dewasa rrb anak rrb  luawa ng  s banget  siang  jalan masuk    candi "
"214","pokok kalo  kesana   senin    bersihin  gk   same  sekalimasih  fotofoto sih  halaman ama taantik banget masyaallah  tafakkur alhamdulillah"
"215","wisata budaya yg  ah membosankan  taan  mbahan sfoto yg  mengganggu  tdk bernsi merusak keindahan candi"
"216","  liburan bareng keluarga cocok  anakanak  kesini er bawa ng  s  alanan  candinya lumayan "
"217","temya bagus  disarankan mending  siangsiang kesananya bawa totau ng ya gais s banget  taisitu  sih yg jual toebar sm ewaan ng "
"218","wisata candi prambanan   atasan klaten jawa   daerah istimewa yogyakarta "
"219","candi prambanan  candi roro jonggrang  koms candi hindu terbesar  indonesia  dibangun  abad  masehi candi  diembahkan  trimurti  dewa utama hindu  dewa brahma  dewa idewa "
"220","jam  sore  santai foto  jam  malem udah  dikereta   solo untung adekku seannya ce "
"221","temwisata sejarah   menghabiskan   memahami  dazaman   ukiranrelief batu   memna"
"222","situs candi yg diakui dunia  sejarah jaman kerajaan   legenda puteri raja  roro jonggrang  bandung bondowoso "
"223"," saranin beli tiket  traveloka  agen online   dalebih murah  tinggal diredeem  loket  parkiran luas  sfoto menarik  siaalan kaki  u keluarnya memutar yg lumayan    melewati t "
"224","temya luas  tamannya bersih banget u masuknya dijaga lumayan ketat  check in i li lindungi  harga tiket rborg sayangnya toiletnya jorok   dibersihkan setiam  "
"225","kemarin masuk candi prambanan luayar brjujur  anaknya males  kemarin  muterin candi kitabsewa mobik golf  dg harga   obil jujur lulo rame gue saranij "
"226","temwisata candi   bosan   kunjungi area nya luas  beberavent   gelar   setia jogja  mamke "
"227","temyg msh ttrawat  sarana edukasi  wisata  watan  mbahan koleksi   tanaman  hew "
"228","temwisata  menarik  keluarga  belajar sejarah    candi  museum  kebun binatang mini area  duduk  anak bermain "
"229","pengumuman klo   banan  senin  bsa langsung masuk  candinya   tahambersihkan candi  stafnya ramah "
"230","kesini  liat banan jazz day   sewindu merasakan rindu  liat mus mujiono dedy dukun trio lestari  tulus  keren abis  ntonnya tertib  raadal  buanget yg nonton  asik k nya "
"231","pengalamman  candi bannann   keren banget  mengandalkan google map "
"232","  megahnya bangunan  berr keras  orangorang zaman  membangun nya  camn batu  sei ai adiknya  zaman      menyamai nya    orang zaman     bangunan   dada   "
"233","dewasa rb  anak anak rb  kalo   foto sih bagus nya h weekday ya biar ga rame bgt  to weekend rame ya hrs er cari shehe "
"234","mantaambanan jazz  roro jonggrang  hanoman stage  manta "
"235","candi prambanan  candi roro jonggrang  koms candi hindu terbesar  indonesia  dibangun  abad  masehi candi  diembahkan  trimurti  dewa utama hindu  dewa brahma  dewa idewa "
"236","  garan terhadaberaandi  s  kurangnya honan      masuk   candinya    fotofoto    pembayaran masuknya  i cash  emoney"
"237","cuaca  ga bersahabat samdidalem hujan deras  nunggu hujan redah  batu  foto   kondisi  basah basahan  "
"238"," han    kesini lg candinya  terawat bersih seinya   yg  dibangunrenovasi sfotonya keren   beberaemdan mudahan  ditambah lg sya taasanya cerita "
"239","bagus bgt sih bersih teratur ra ketat  gabole bawa makanan    samya minim mantajarahnya terjaga"
"240","temyang bersih  tertata raembuat betah menyaksikan mahakarya nenek moyangselalu kagum setiali berkunjung kesini"
"241","peninggalan sejarah yg wajib dikunjungi warga negara indonesia  saksi sejarah daban negeri      nengok  tialam candinya   ambil foto candi yg hancur   dir  overallyuk berwisata   prambanan  lestarikan nggalan budaya indonesia"
"242","tembersejarah gini emang  menyenangkan   temya asri  honan  bersih"
"243","candi sejarah yg   yogyakarta  emi  lumayan ramai guys    tetamatuhi okol kesehatan ya guyss i masker  jaga jarak  hehehehe"
"244","candi yg melegenda lingk candi bersih tyang  kesadaran unjung yg msh  duduk  r  candi  berdiri  sdh  larangan"
"245","tiket masuk orang rb parkir kendaraan tiket rb  sfoto ayunan gantung  baground candi banan"
"246","such a beautiful temgaah bosen klo sunset  banan cantik bgt harga tiket masuk  affordable  wajar  temwisata  sayang toilet bnyk yg  tersembunyi"
"247","tete peninggalan sejarah    dilun semenjak emik     situs  menjaga ebaran virus prokes benerbener ditera  u  masuk loket sayang unjungnya   nggak tertib overall   takjub  temini"
"248","candi  indah  megah  kesini   prambanan jazz mari   menjaga nggalan sejarah  tetasa dinikmati keindahannya tanggal  juli  harga tiket masuk anak rb dewasa rb"
"249","temwisata nggalan sejarah beruoms bangunan candi dikelola    bersih  nyaman dilengkaasilitas   layanan unjung  sei transasi lokal  guide"
"250","berkunjung   ramadhan h    masuk kedalam candinya  sekitaran dinding  candinyalokasi area candi  bersih "
"251","so good tembersih  fasilitas lengkaaf ramah tourguide ramah  hel namanya toehat  murah rezeki sukses  dunia akhirat   "
"252","salah  candi terkeren  indonesia   walaudatang nya  sore taemandangannya  keren sunset view nya ga  obat temyang  rekomendasikan  wisata  u    mematuhi turan    temini  merun temyang sakral"
"253"," sarankan  mobil listrik bayar k  keliling area banan worth it  liat candi sewu     ler      roro jonggrang aja  ya "
"254","tiket masuk terjangkau good service tembersih area luas ttunjuk irnya  "
"255","temsuci agama  dilestarikan  temwisatacagar budaya wajib dikunjungi   liburan  jogja   borobudur  magelang"
"256"," may   temwisata candi banan temya luas     han "
"257","   candi prambanan   nyata       buku sejarah  tv tiket masuk rb bus wara wiri rb  dinaiki beberarg sayang  berkunjung    medengan jam tutun turun hujan jd gk    "
"258"," wonders  temhistorical bersejarah tetarsih terawat tiket rb ru"
"259"," kesekian kali  candi prambanan kali   dg istri  anak bontot umur  thn kakaknya tdk    si bontot  ah  prambanan"
"260","bagus bgt lucu ad rusa sm hewan  s ta yg sewa ng sm bs  tayo  muter candi ad souvenir store sm ad t  makan"
"261","tiketny  rb orng dewasa  anak   des   nya bawa ng   minum karna  s  t  kreta tayo rb orng mi orng  yg rb min  orng"
"262","candi  memai sejarah temya bagusterawat biaya masuk cukurahakses   candi prambanan mudahbanyak terdasfoto  bagus"
"263","beberaagian   renovasi unjung   jalan memutari laan  wahana hiburannya  seberatausat  recommended banget harganya wajar ga nguras dombisa  harga barang  malioboro   "
"264","masuk dgn li lindungi wajib dewasa  anak maxyo  "
"265","nyaman  udaranya segar  sayang  kesana   senin   samhalaman "
"266","tiket masuk domestik dewasa k anakanak k takjub  arsitektur candi hindu  megah"
"267","    naek   candi   taran    renovasi taetaleh  pelataran    july "
"268","fasilitas u   u   selter  berteduh karna  terbuka  terik  hujan  reberteduh es   jalankan  lokasi wisata   "
"269","wisata religi  bersejarah wajib dikunjungi   alanan  jogja warisan budaya   lekang  "
"270","beberaali jalan kesini asik cma dsini snya  banget  musholla  oke  sarung  sajadahnya "
"271","candi prambanan merun warisan leluhur yg t  lestarikan suasana  candi  asri  sfoto  bagus   berkunjung   sertifikat faksin  unduh aasi lilindungi  "
"272","salah  destinasi wisata  terletak  yogyakarta kemudahan akses  terletak   jalan raya salah  syarat masuk     vaksin  memai aasi li lindungi  harga tiket    "
"273","bagus tiket masuk idr rb   trans jogja  malioboro nyaman   recomended"
"274"," kesana utk masuk kedalam candinya  dibuka mei  udh ditutumua candi  gak bs masuk kedalam "
"275","candi prambanan mrangunan bersejarah nggalan ode hindu     keunggulan arsitektur kuno  indonesia yg berlokasi  yogyakarta bangunan  merun temstarian budaya  temibadah  umat hindu "
"276","ndangan  indah sayangnya romboongan   jam   hamtututayar tiket t  masuk lokasi candi   foto dibatu runtuhan aja"
"277"," menyenangkan  berkunjung kesini  candi banan   indah  karya seni     betaaat  dakita    candi  terusun raselain candi   "
"278","cuaca wisata candi emang s yaaa taangan salah  teeandi i terbayang sejuknya karna honan  balance rimbunnya kakak harga tiket murah "
"279"," terang  x berkunjung  candi bareng teman    teman yg rumahnya   desa manisrenggo klaten   menit  rumahnya samke candi prambanan lokasinya   gir jalan jogja solo  can "
"280","harga   ribu orang dewasa  ribu anak sammur  tahunjarak  tiket masuk  prambanan gak  sei borobudurini candi hindu  beberaandi  candi siwabrahmaangsanandi dllada  candi budha  "
"281","pengelola  ramah  wisatawan   ama kali berkunjung wisatawan  elasan  tiket  t bundle  tersedia   disarankan  berkunjung     cukunas  "
"282"," wisata  anak   candi bawa tour guide   rekomendasikan  elasan  comensif baiknya   l  sore  candi tutukul  malam  "
"283"," ama kesini  menakjubkan  indah "
"284","kereenn deh   kesini   sayang kemarin  aq i hbis diinsfektan  ga  foto didalamnya deh  "
"285","temyg   dimana   bangga indonesia memilikinya prambanan warisan yg  dijaga  generasi kegenerasi bukti nyata  agungan tuhan yme sang ialam semesta"
"286","sayang    jam  jam masuk   candi  ditutuengan harga tiket yg     mengitari taran  candi   u  titik foodcourt gila snya am ketemu ual minuman kemasan    arah u "
"287","bagus  r murahwisata nggalan sejarahhan        jalan rayasekarang      beli tikethehehe"
"288","  temya sayang   atasan   samke  iran luas banget  adem  honan cocok  kum kumdengan keluarga   gelar tikar khusus  senin   sammendekat   ersihan  tiket dewasa rb anak rb"
"289","wisata candi prambanan situs keajaiban dunia   tiket rb  anak rb  bagus "
"290","amazing bagussss bangeeetttttt rekomended  candi banan bersih asri n enjoy suasananya ga ngebosenin  "
"291","temwisata kebanggaan jogjaworth it banget utk dikunjungies cukutat dgn aasi li lindungi"
"292"," luake totau bawa ng  s lll gaboleh bawa makanan   area candi tiket masuk rborang dewasa"
"293","temyang  kenangan  liburan bareng almbasuasana asri nyaman  belajar sejarah harga tiket masuk wisatawan domestik  mancanegara berbeda"
"294","candinya bagus bgt yg ng terkenal sih candi roro jongrang wajib coba kesini once in a lifetime"
"295","candi  bagustetaudah  yg berubah  meraeletuskarena  candi   yg rusak  dirsaran   siang  sia ngatw   sewa   deu masuk  yg menawarkan jasa sewa ng k"
"296","temwisata  strategis bersih  nyaman fasilitas    dalamnya  lengkaisam  temini  merun tembadatan terbesar  agama hindu festival sendratari ramayana contohnya dadinikmati  malam "
"297"," amazing    mobil yg  muterin  candi candi   kemarin kayaknya beli tiket udah  t tnya"
"298","temya keren  bagus  bersantai menurit    bagus  enalan sejarah     dikasih o murah  budged masuknya en kesana    "
"299","suka  berwisata  meskis yuk lestarikan nggalan bersejarah   buang samsembarangan"
"300","tembersejarah bangunan  u dilestarikan   candi dilokasi   menyia fisik     diarahkan  jalan yg ang  berliku "
"301","keren  foto asri luas temya ga   candi tada hiburan  kaya rusa     kesini "
"302","ok banget   suka  situs kunotemya asyikbanyak  ual  htm  masuk nya k ya"
"303","temwarisan budaya indonesia temsangat indah dibutuhkan tubuh yg sehat  jalan disana  area  luas tiket rb orang  wisatawan lokal   jasa foto rb oto"
"304","bangga terhadarya arsitektur nenek moyang  bersyukur dakesemn berkunjung  kom  candi banan "
"305","prambanan gk   rrview  i dah keren nggalan sejarah nenek moyang  iniluar  i"
"306","fasilitas  suasananya       kesini  luamke museum nya temyg ng adem kalo siang   bawa air minum  masuk are "
"307","best e for history tour and family tri  beneran  ama kalinya  candi banan luas banget temyaaa "
"308"," kesini   juni keren banget  inta obyek wisata akala  temya  bersih tertata raarkiran luas fasilitas lengka salut dijalan arah ng  iran   ngkaran rusa senang   rusa  "
"309","foto  hihihihi ga  suka mengulas  temwisata yg ah  kunjungi candi banan temyg bersih  rapi"
"310","temwisata  bagus ndangan nya  temya  luas   jalan jalan kesana kemari   berfoto  background  bagus"
"311","candi yg cantikbersih  asri htm  dewasa r anak r "
"312","one of best historical e sayangnya gak   lihat  nya "
"313","   gak  bosannya  keajaiban karya manusia  jaman   ah terrkan    isi "
"314","salah  temwisata sejarah  terletak   insi   yogyakarta  jawa  semoga  terawat   unjung  dihara   merawatnya ya  sammerusak situs sejarah  agi merusak  candinya  "
"315","candi prambanan  candi roro jonggrang  koms candi hindu terbesar  indonesia  dibangun  abad  masehi "
"316"," kesini kemaren  kecewa yah harga tiket rb dewasaanak rb  mahal sih kl  sayacm  muterin aja candinya cm  foto dr  ajaga  masuk krn  aikanmemang  turan "
"317","kuningan goes to yogyakarta mengunjungi candi banan mahakarya  menakjubkan peninggalan sejarah zaman hindu yg memna"
"318","jejak sejarah bangsa u dilestarikan  yamg  dijari     an candi   disusun ulang"
"319","gak  candinua sih cuman   acara vw irnya luas  mobil maumotor  candinya  teterlihat indah "
"320","menyenangkan walauagak s indah    keajaiban sayang  unjung yg  menghargai samaik   candinya     tulisan engga    duduk  candi "
"321","luas bangeeeet temyaaa  yg  dj exe agi jalan  jalan disitu amuas  l  lingkungan candinya  bersih banget inget  buang samsembarangan ya "
"322","candi  bersejarah  wilayah yogyakarta  temyang  luas   ramai    membawa  kartu vaksinansi  mematuhi okol kesehatan"
"323","seengunjung disaat  a  msh  emi  kerja  sore krn jam kunjungan msh dibatasi jg mgkn   n  musim liburan ramai"
"324","mahal  tiketnya   diturunkan tiket masuknya  t yg  didalamnya jd org       ka"
"325","    lihat   aikan   lakukan  candi    foto    da  keenakan meneduhkan   n minimal u  nya   bikin muter muter  sei candi borobudur"
"326","anak hamsan wajah   t gara gk  bawa makanan  tas   isinya ditinggal  mobilkejamnyakirain   ntar  fasilitas rest area "
"327","pengalaman yg  mnyenangkan  mengunjungi candi banan temya bersih  rapi"
"328","tiket masuk  rb temya bersih  asri  enak  jd gak  s wajib  kunjungi "
"329","best exence sih  hehe   tukang foto yg  bantu mengabaikan moment   cetak foto k  foto k  nov  candinya terawat  ta beberag rusak sih semoga  tetastari"
"330","tamannya rapenjualnya ravienya ok bangat sayang toiletnya jo rokkkkkk bangetttttt          andai berbayaraku     bersih  nyaman semoga instansi terkait mendengarkan ya makasi "
"331","total   candi nama candi diambil  nama dewa hindu  hewan tunggangannya"
"332","koms candi nya gede banget cocok banget  jalan keluarga  kesini  luawa ng  minum  s banget  jalan lumayan  kelilingi candi nya"
"333","peninggalan sejarah   bukti nyata sejarah indonesia   kunjungi wisatawan  negeri    beberaegeri  indonesia  "
"334","salah  temwisata keluarga    mengenal sejarah sfoto  menarik"
"335","pengelolaan candi  bagus  terdatemteduh  area candi  nyaman"
"336","salahsatu karya manusia   indah   sejarah daban  bangsa  zamannya"
"337","candi prambanan candi hindu yg   yogyakarta  kabun klaten jarak nya     kota yogyakarta"
"338","tembersih nyaman adem  tenang  kesana seadi  leluasa  foto  keliling  suting wahananya  buka "
"339"," harga  kebersihan cukumuaskan  kendaraan  disewakan   kawasan candi    temberteduh   candi  musim hujan  ramai orang  bergerombol  berteduh"
"340","prokesnya ketat sayang unjung aja kadang  yg bandel ga  i masker  sfoto bagus  bbrot  duduk didalam sayang  udah ga bs   masuk   candi didalamnya"
"341","sayangbelum  masuk   bangunan candinyakarya anak bangsa     candi nya"
"342","tiket masuk sy n dr tiketcom jd  murah dikit rb an kyknya jalan keluarnya muter   taoto nya bagus"
"343","cocok  wisata  keluarga   han  sei memanah berse skuter"
"344","candi prambanan sedng  renovasi  kesana jd  leluasas  live musik gamelan khas lagu jawa"
"345","temyang cocok  belajar  anak  hebatnya nenek moyang  jaman lamyang   candi  semalam walaumengandung unsur mistis   temyang bagus  fotofoto cantik  latar  candi"
"346","gak masuk foto   aja  kena bayar ir doank k  "
"347","prambanan warisan budaya luhur negeri tercinta nusantara  kualitas nenek moyang bangsa  "
"348","candi  megah  toleran  masanya   bersanding candi hindu prambanan  buddha sewu"
"349","candi prambanan cakekali membikin  berr  batu batu   tertata rapi"
"350","budhist tem amazing kemarin   tour de prambanan k start  finish  candi prambanan"
"351","    cerah   jamin s nyaa l pakai baju lengan ang  to foto  daerah  candi biar "
"352"," indah taaya ntah samkaboleh masuk   candi nya   foto   candi   masuk   candi nya yg  nya  ng   nya taaya  banget masuk   nya"
"353","pas kesana ram   ya gak jaditakhirnya  tanggal  desember   terlaksana kemari  luarbiasa hasil mahakarya dr nenek moyang terdahuluir luasr minibus tarif  kuntuk tiket masuk dewasa  k  anak k"
"354","liburan bareng teman  candi banan cuacanya banget  sendu jd ga  sbiaya masuk rb orang dewasa"
"355","seru banget  banan  mobil golf caddy  ribuan  muter liat candi  pemandangan asri kebersihan terjaga"
"356","first time kesini candi nya bikin takjub bagus  foto  belajar sejarah "
"357","temwisatanya bagus banget sayang sera  exit candi menjual makanan yg  layak  harga    bakso pentolkanji   beli   lokasi wisata"
"358","seru  menikmati candi yg biasax hax mendengar legendax aja tm bs  samkeelam krn d batasi"
"359","sian klo siang haraawa ng soaly s bgy heehee   msk makan yg  temmakannya  didalam candi g "
"360","harga tiket masuk  terjangkau tingkat kebersihan lumayan candi   dijaga"
"361","pemugaran     sayang nya  kunjungan ama    yg       diolehkan masuk   candi  kom "
"362","salah  candi yg  indah walaumasih es aikan tarang  tertarik  berkunjung lingkungan   candi  bersih  indah toilet jg bersih"
"363","candi yg  dirwalau  meninggalkan kemegahan  keindahannyabukti kemegahan  kejayaan  "
"364","slah  destinasi bersejarah  betmanfaat smiga sllu terlestrai dgn  layanan ok    buka dgn es mohon utk menyia aasi lilindungi   masuk su gax antre "
"365"," terawat gang  gang   tertib  nyaman  menikmati wisata beda       gang yg kayak an  co "
"366","prambanan    agi  cuaca yg sejuk saran untk fasum toilet  "
"367","   nonton banan jazz  biaya masuk rb  ir mobil rb   jam"
"368","masuk kesini bener bener es sesuai antrian  tiket rang dewasa     candi banannya  "
"369"," tahambenahan sayang asli umi   masuk   kedalam candi      bangga  warga indonesia"
"370","bangunan bersejarah yg wajib dikunjungi kalo   bawa ng to sunscreen yaa krn s beuud"
"371","bagus banget taeburu diusir  satya  belom ngambil  foto huhu"
"372","weekdays aja udh rame banget  sadly ga    candinya"
"373"," belajar   sejarah tour guidenya ramah parkiranya luas"
"374","kereeeeeenn bangeettt candi prambanan  takjub bgt  terawat habanget      harga tiket lokal ribu rang  bule ribu rang  keren candi pram "
"375"," emi   dibuka   ramai unjung"
"376","temya luas bangett en masuk  candinya ttutu gah  mnjaga   ng  jln kaki yg  jauuuhhh bgt jd teabis kesana wkwkwk"
"377","  kali masuk kesini kenaemarin merasakan keindahan cin nya  masuk   situs nggalan nenek moyang "
"378","temreligi  wisata yg keren betaenggambaran toleransi beragama  indonesia tercermin"
"379","bagus guide tersedia h guide yg  bahasa inggris  belajar sejarah"
"380","tembersejarah  enak        sorean  s banget  siangsiang "
"381","berdoa suhattam decandi siwa  prambanan  hamsebagian  dr  adl hindu yg  ama kali menginjakkan kaki  prambanan  terna  relief brahma wisnu  siwa  ketiga candi yg berjajar  megah"
"382","candi hindu terbesar  dunia   masuk  daftar unesco indonesia  warganya  berbangga    tewisata  merawat  menjaga    membuang samsembarangan  berkunjung keren "
"383","cakeh tta keluarnya muter      hujan jd kuyu mustinya kl  dir keluarnya siajalur yg bebas hujanlah jd unjung jg nyaman menelusuri jalan kluar hujan"
"384","candinya  terawat   sayang banget uda gabisa masuk"
"385","kesini  yg  kali pagi  dingin banget kemarin  siangnya s dihadiahi ndangan yg masya allah cantiik"
"386","alhamdulillah  berkunjung    temya bagus  biaya masuk   rebu  menikmati ndangan indah  mari berkunjung  candi mbana "
"387","destinasi wajib  gw seh klo  jogja       menikmati suasana  memjari sejarah candi"
"388","salah  objek wisata  yogya   ramai  wisman  wisnu tetaga okol kesehatan ala berkunjung  banan"
"389"," bagus cocok   wisata  keluarga beramai  ramai"
"390"," ama   candi banan   temsejarah  wajib dikunjungi  liburan  jogja"
"391","keren abis deh nonton konser    en bet nonton unjukkan  banan   kesam"
"392","bersih banget  temya gede petunjuk arah  dimana  sewa skuter  han dll mantap"
"393","eksotik temh dgn sejarah luas rekreasi  belajar sejarah jaman "
"394","cagar budaya yg  indah senang skl berkunjung kl tdk hujan "
"395"," siag  tau candi banan ngalan sejarahtemnyaman  ir luas  masuk k kawasan candi lumayan jauhagi kalo musim hujan  bawa ng "
"396","tetesukai walauanak lanang  kecewa  sarannya blm terobati  ng roro jongrang"
"397","cagar budaya yg  indah kayak berasa  jaman kuno  h misteri "
"398","tembersejarah  banan   ratu boko  shuttle fotonya  murah  taasilitas temibadah sei musholla  toiletnya kotor"
"399","salah  candi   kunjungi  liburan  jogja  juli "
"400","temheritage pemandangan indah  latar  candi banan  acara banan iazz"
"401","candi    saran  cerita uatannya  menarik candi  roro jonggrang"
"402"," lengkalo bulum  banan situs nggalan bersejarah  u  kunjungi cocok  refresing  edukasi"
"403","candi hindu termegah didunia yg   jogjakarta"
"404","tiket masuk dewasa k anak dibawah   gratis    keatas k  reruntuhan bebatuan  sayangnya  dibangun    "
"405","wisata wajib nya   jojga ya candi prambanan sejarah  ilmu arkeologi     langsung  a na"
"406","  mengunjungi candi   ama kali  lihat  buku jaran ips  sd  bus transjogja   ditumi   shelter malioboro walauharus berjalan kaki  erhentian  bus  "
"407"," bantuan negara tetangga sei thailand  memaiki candi yg rusak akibat gem"
"408","bahan    han  gak lihat warisan budaya sakuler"
"409"," berkunjung   aikan tetaingkungan tetarsih staff  ramah   recommended  berkunjung  jawa "
"410"," indah sayangnya gk   kedalam candi kayak "
"411","htm k dilarang bawa mamin  menerbangkan drone temluas  bebas foto  area candi    candi"
"412","bangunan bersejarah  dikelola   bersih nyaman  apik"
"413","sayang banget ya   masuk  dalem candi  udah gabisa  dir  seinya  tetanjaga keutuhan candi"
"414","peninggalan sejarah  wajib dikunjungi selang  hamthn  berkunjung   candi  berdiri  anggun  megahnya"
"415","tembagus  belajar sejarah sorry to say  dair mobil  toilet   terbatas toilet antri "
"416"," menarik  diulas       jaman  jaman  tembersejarah  tingkat kesejahteraan konomian daerah tsbmengalami kemajuan     aikan garankebersihan "
"417","endem covidi   taasih dilarang masuk   candi utama  berdoajauh    sia sia "
"418","bagus    sewa kendraan biar kaki gak cakeliling banan"
"419","bagus temnya ramai   fotoin bayar seikhlasnya"
"420"," yg  sekian kalinya mengunjungi candi  ga bikin bosan cuman sayang  liburan lebaran   unjung     candi prambanan"
"421","benda cagar budaya nggalan  lamyg mengagumkan dunia"
"422","mantamya  semotor listrik  muter"
"423","kali   candi prambanan lokasinya  jalan raya jogjasolo  lokasi wisata  menera okol kesehatan tersedia  temcuci tangan   berkunjung    orang gas   akilan  orang  "
"424","temsejarah    jaga   lestarikan  anak cucu  tau"
"425","bagusss bangettt  en  banan  taayang gaada ewaan kostum  huhu"
"426","candi banan merun wahana wisata edukasi sejarah   keren akses  kesini  strategis    atasan jawa   jogja teya klaten  jogja "
"427","walaubelum ramai  yanannya tetaksimal  riksaan okol kesehatan   bagus  gas sabar membantu  kesulitan  aasi  terima kasih"
"428","temya luas  sejuk   area candi nya aja  s"
"429"," kota jogja dadicadengan bus trans jogja jalur a turun  halte banan  jalan kaki   menit  u masuknya harga tiket bus trans   harga tiket masuk candi banan k weekday  umi areanya "
"430","destinasi wisata  dikelola  esional menyajikan alaman taman kelas dunia  kearifan lokal indonesia  dikelola   temya  raan bersih "
"431","pengalaman  indah  damelihat  langsung  daban  jaman  "
"432","hotel nya nyaman adem  kolam renangnya makanan nya enak jugaservice mantap"
"433"," tetadi temtujuan      anak mengenal sejarah"
"434","bagus banget candinya better klo  kesini sih  siang gilaaa snya gak wajar wajib  ng sih"
"435","seru   menyenangkan mengenal salah  situs budaya indonesia  yg  "
"436","temyg  beristirahat  suasana sejuk dibawah honan  menikmati ndangan candi banan"
"437","masha allah tabarakallah alhamdulillah  diizinkan mengenal sejarah candi prambanan"
"438","objek wisata yg  ler berkalikali nonton konser  prambanan  menyenangkan"
"439","tiket masuk dewasa rb ank thn rb"
"440","salah  nggalan budaya  sejarah yg    lestarikan"
"441","jalanan malioboro temyang teuntuk menghabiskan uang jajan  memleh exence"
"442","candi hindu termegah  aset budaya n sejarah bangsa indonesia "
"443","dewasa k anak   disayangkan  tahakonstruksi  gk    kawasan candinya"
"444","prambanan   indah taan ruang yg bagus  unjung  nyaman"
"445","postingan  liburan  emi    mohon maaf telat ngasih ulasan taalo foto  emang te  en kesini  bawa baby  udah a anak  alhamdulillah  "
"446","udah gax  masuk candi    lihat sekitaran  candi"
"447","ckguswatnycmn skrg sygny gk dbolhin msk candiny"
"448","candi prambanan merun situs warisan budaya jawa d indonesia merun heritage kebanggaan bangsa indonesia ayo  prambanan"
"449","candi nan indah   sejarah  melegenda  tanah jawa "
"450","magnificent grande tiketnya saranku beli  aasi travel deh lumayan diskon rebu  "
"451","one of the most recommended es for visiting in jogja  indah  luas tyang  informatif   njuk  informasi "
"452","temwisata ejarah yg menarik utk dikunjungi  "
"453","pengelolaan temwisata esional     covid unjung diharatuk menaati okol kesehatan  desebelum u masuk  disediakan temcuci tangan  k elola harga tiket masuk "
"454","parkirnya aman sfoto  bagus  gelato  arah u  museum"
"455"," kali  kesini        bahan"
"456","candi  luas  megah museum   informatif  x kesini"
"457","destinasi wisata wajib kalo  jogya  menghargai nggalan leluhur "
"458","asik kalo sore  kesini  konser dewa keren euy"
"459","ga ah bosen sih kesiniii pas   event mandiri jogmar"
"460","salah  nggalan sejarah   terawati kesini   bazaman "
"461","warisan leluhur yg   jaga setadah  bersih"
"462","bagus loh temya     covid      candi cuaca s banget  rekomend kalo  kesana sorean aja deh biar ga silau  udara sejuk "
"463","salah  destinasi  kab klaten jawatengah candi banan  ledari cerita legenda roro jonggrang parkir luas tiket masuk k dewasa k anak okol kesehatan ketat "
"464"," kesana cuacanya teduh  s nyaman  berkeliling  keindahan temtersebut"
"465","temyang menyenangkan   n  keluarga"
"466","temyang bagus  edukasi jar    informasiinformasi  sejarah bangunan daban dsb  candi prambanan "
"467","yg gak tahan s mending bawa ng"
"468","udh kesekian kali kesini  sembikin reviewnya    juli      viewnya  bagus     seokasinya jg  ga s s bgt cocok  lari   dalemnya  "
"469"," menarik  temdestinasi  dadikunjungi  candi"
"470","     bangun  ya lumayan keren suasanya bersih "
"471","temya rekomendasi  enalan sejarah  anakanak sekolah rekomendasi   temrekreasi bareng keluarga rekan kerja  rekan organisasi   larangan membawa makanan  minuman      "
"472","lokasi mudah terjangkau parkiran luas lokasi bersih  s  membawa ng   ewaan ng  rbuah    beberaahana mainan  museum "
"473","well  hamkelima kalinya main kesini to be honest temya luas ir  roda emjuga tersedia harga tiket masuk  soso "
"474","salah  objek wisata  wajib  datangi  berkunjung  jogja  candi prambananataucandi roro jonggrangbahasa "
"475","candi banangak lengka jogja kalo gak mamke candi  guys  lokasinya gam   giran jalan utama   akses u masuk iran parkirannya luas  gak sulit  temuin lahan ir kosong  mobil "
"476"," kesini  lukutan wahana  yg   mbayar "
"477","baguss banget looh tyang blm dibuka    ak candi"
"478","wisata  belajar sejarah cukungan ribu    nikmati warisan sejarah   luawa ng "
"479","keren bgt   lg  aikan beberaandi diluarnya"
"480","tiket masuk  murah  utk wisatawan    biaya tiket masuk kdewasa kanak  ir kendaraan kmobil keliling candi banan     sfoto terbaik "
"481","viewnya bagus tiket masuknya r"
"482","bersih  masuk nya dibatasisdk  ramaiada banan jazz festival jg "
"483","belajar ttg nggalan sejarah   informasi ttg sejarah candi hindu  indonesia tr swa foto jg keren  area   dr candi teman  menemukan ewaan  otodlsb beli karcis  yaa   "
"484","kawasannya  tertata mudahan candi     direstorasi sei "
"485"," kesinih seinya   kemarin harga masuknya orang  ribu   coba i tour guide harganya  rbu lumayan   bantu "
"486"," bangunan    runtuh miris   unjung   larang utk diduduki tsih ajah  yg bandel tiketnya k  libur seru banget   konser  lamamang meriah  siang wajib "
"487"," tahanovasi  kesini saran kalo kesini  sandal yg nyaman  jalan "
"488","htm k   foto cman gk  masuk banget  dalem"
"489","salah  temwisata bersejarah yg  dikunjungi  harga tiket korang ya   terusan  ratu boko korang  tersedia ayaran qris   membantu     masuk  kawasan candi ta"
"490","temyg bagustaayang sammasih berserakan   tertib unjung nya"
"491","peninggalan sejarah yg   mahakarya leluhur"
"492","lokasi  gir jalan mudah ditemukan htm lokal dewasa k anak thn   k htm wna beda   tau brokasinya luas  bersih   feeding animalsnya   terawat "
"493","temdestinasi wisata   bagus  sfoto  sejarah  menarik  candi prambanan "
"494","biars taenyenangkan berkunjung  candi prambanan"
"495","bagus  edukasi    lestarikan cagar budaya bangsa"
"496","kehujanan   diak prambanan   seru"
"497","koms candi yg  luas  borobudur    banan candi sewu candi lumbung dll"
"498"," samjuga   ramai  yg berwisata  candi prambanan iran luas  harga tiket rrborg toilet  tersedia  mesti dibenahi    beberag drainasenya mamdan airnya tdk tersedia "
"499"," note this  kawasan prambanan  luaskarena terdabanyak candi baiknya i kendaraan  keliling kunjungi candinya  mobil golf   lan kaki btw sayang   coba      "
"500","jalan  banan  cakerja lumayan s karna berangkat siang   bagus jalan   sore"
"501","kesini  acara karya wisata sekolah   temya luas  bersih   ual souvenir maukuliner khas jogja  jawa   kesini  sma  da tugas  guru bahasa inggris  berfoto  turis"
"502","ketiga kalinya   taaru kali  datangnya week day  ga h  jalan leluasa temir luas  turunkeluar  mobil langsung   nawari sewa ng rb senya    nawarin t  candicandi  banan  jeea  rb  rb  mobil"
"503","sukaaaa dr iran sdh  ewaan ng  u  candi roro jonggrang  bbrndaraan yg  disewa mobil golf tayo skuter  tandem "
"504","seru ca kenadk i kain "
"505","candi prambanan  komnya  luas   nggalan candi  kerajaan mataram kuno   temuntuk belajar  kebesaran  kerajaan  berjaya     fasilitas  lengkaahkan  kebutuhan erita khusus   disediakan "
"506","temyang bagus sayang       candi nya   saran    duit    beli tiket   mobil golf  "
"507","bagus utk  sejarah ttg roro mendut"
"508","temwisata yg musti dicobamenawarkan warisan sejarah yg u  tuk generasi mudatiket masuknya rb tuk dewasa   rb tuk anak dibawah  tahuntemya bersihdg es yg ketatoya jgn luembawa ng ala "
"509","tolong toiletnya  diatikan kebersihan  kenyamanannya toilet r    harga tiket wisatawan asing  harga  dafree cold mineral water   merchandise key chain  sejenisnya"
"510","salah  destinasi wisata  menarik cocok   usia salah  cagar budaya yg   jaga salah  temwisata edukasi yg t  jari    lestarikan   syukuri kemegahannya yg menarik wisatawan dr  negara  berkunjung"
"511","prambanan    indahnya sayang   diolehkan masuk   kuil candinya rute kesana  mudah  cuaca terik     nyaman selebihnya   makanan  cafe prambanan  terletak   koms candi  cukuak"
"512","prambanan temis great   senang   betaenakjubkannya mahakarya  komnya  luas  sia air minum  makanan  cuku    membeli jamu  tersedia   minuman   informasi  dimasukkan   kategori do  ajang ombaan dunia  "
"513","temya  luas  htm dewasa  ribu protokol kesehatan cukuik    terdacandicandi  taalau jalan kaki      wahanawahana sei han kursi gantung  layang   rusarusa    makan"
"514"," nyaman  weekday  keliling  santai tananyak orang"
"515","temini  bagus  situs berlibur  belajar   wisata  keluarga lokasinya  luas  membutuhkan  tenaga  menikmati  candi      berkunjung  "
"516"," ama  prambanan bagus banget siatenaga ya  temya luas banget bayar tiket masuk  candi prambanan rb taalau    candi ratu boko temsyuting film aadc bayar tiket terusan rb   diantar  mobil golf wkkw"
"517","candi prambanan merun temwisata bersejarah  wajib dikunjungi ng   seumur hiduta  candi borobudur candi   salah  keajaiban dunia  terletak  gir jalan  lintas jogjasolo  "
"518","salah  obyek wisata bersejarah  jogja bagusnya  bener klo kesini  ramai unjung klo siangan ramai  s tersedia rental ng  iran parkiran luas toilet musholah tersedia klo high season  antrian  ngg  "
"519"," situs warisan unesco candi terbesar  indonesia  terindah  asia tenggara   turis mancanegara  "
"520","sei   candi yg  semalam unbelievable"
"521","  sediakan kendaraan sei kereta wisata   lansia   caberjalan "
"522","  energi yg tif  berkunjung  candi prambanan"
"523"," damengetahui betaebatnya leluhur kitabetandahnya maha karya leluhur "
"524","candi nggalan  lamyg  megah  anggun berdiri tegak  suata  yg tammewah  gagah candi prambanan  terawat    fasilitas yg cukumadai  suasana yg cukuaman  "
"525","temdestinasi wisata  bagus weekend  keluarga walodi candi tadk  s krna bnyak    dr u exit  lihat hewan hewan   disana si rusa kambing gunung merak burung kasuari  r kusus belanaja  "
"526","  banan h i mobil aja jauuh keliling nya ca taeneng"
"527","  senang   belajar  sejarah  reruntuhan   disusun  seinya halnya diwisata candi borobudur  lelah berkeliling  diwajibkan melewati kumn  gang cukumbuat kesal"
"528","cajg berkeliling banan yg   luas tnang  "
"529","bagus  wisata budaya  luembawa toayung baju tangan ang  cuaca  terik   temuntuk berteduh sia stamina  jalannya    akses u keluarnya"
"530","salah  situs kekayaan budaya indonesia  t dikunjungi   jogja  terawat   bersih  nyaman diang cocok  mengisi  liburan  keluarga  teman jadikan alaman liburan berkesan "
"531","peninggalan kerajaan hindu abad       nikmati dizaman  keren "
"532","nyaman  bersih pas  wisata  belajar sejarah"
"533","temya  terjaga keasriannya  bersih taolong tambahkan  gas olinya    kesana beberaengunjung  keatas candi  foto    tulisannya   dinaiki"
"534","temya bagus luas udaranya s banget taangan khawatir disana   menyediakan ng  disewa harganya rb sayang  candi  rusak karna gemd  yg   tahameliharaan"
"535","indah temnya walausedih   masuk kedalam candi bersyukur     prambanan   masuk   candi mobil keliling berbeda  cm  candi yg  singgahi kalo  saran    "
"536","prambanan  semoga  terjaga  tetarakyat harga tiket masuknya"
"537","temh  keindahan sejarahnya  menakjubkan kemegahan bangunan candinya"
"538","temya bagus taanyak candi  rusak sak sak jalan kakinya jauuuhhhhhh bgt   betisku udah kaya binaragawan menggedeee "
"539","temwisata sejarah   membosankan enak  bawa anak belajar  nggalan   parkir luas temmembeli makanan   tersedia "
"540","candi prambanan   indah  eksotis  salah  tujuan wisata  seru banget kalo kesini ya mengagumi karya  "
"541"," turisnya area candinya  sbnaernya terh sm yg blakangggg  gk sanggulan trana  mahal sewa ng k s bgttt tanginnya kayak  ai jgn cemas"
"542","temwisata edukasi  cocok   bersantai  keluarga"
"543"," kenaeneng banget berkunjung  tem cagar budaya sei  agi banan terawat  "
"544"," ah bosan kesini setialanjalan  yogyakarta i  singgah liburannya kesini  udah beberaali kesini taasih   dijalanin   yg dikit   berkembang  candi prambanan   temsfoto "
"545"," temjelas luas banget irannya luas  harga tiket berhubung  rombongan   bayar  ribu ru petugas   ramah ramah banget mencerminkan orang jogja banget   candi banan  a "
"546","ruarrr  salah  aset rintah beruangunan akala wajib dirawat  hara dgn   sbg unjung berkewajiban utk menjaga  mematuhi aturan yg berlaku  lokasi"
"547"," lengkasanya kalo  jogja   mengunjungi salah  situs sejarah   tiket masuknya  weekend   ribu ru  maksimal masuk kesana  l   candi   dienankan masuk "
"548"," candi prambanan    orang     ah mengunjungi   toko sekitarbya  ual cobek batu asli batu  berkualitas bagus  harga  miring"
"549","lokasinya nyaman  bersih cocok  keluarga"
"550","alhamdulillah  menginjak  kaki disinidlu   baca sejarah nya dbuku jaranlihat gambar nya dibuku doank hehe  salam ntau minang "
"551","kalo berkunjung  jogja  mamke candi prambanan agi  berwisata  keluarga temnya bersih  cerita sejarah   disaman  anak udaranya sejuk surecommended to visit "
"552"," orang  temini candi prambanan  salah  destinasi wisata    jawa timur  yanan  ramah  temyang indah   jadikan foto bareng atauselfi  luita  damenambah "
"553","semin ie   memwaktu ng sebaguss  indah bgttt next    lg "
"554"," kesana  jumat jd berasa ate wisata ahaha  menikmati moment disana wisata dgn htm termahal   jogja kemarin dhn htm korg   "
"555","assalamualaikum kemarin kesini tanggal  agustus  alhamdulillah  motor   hotel kesini  sekitaran  jam "
"556","tembersih  menambah etahuan anak "
"557","more information senin  oktober   tiari senin  pembersihan   candi dihalaman  gak  dinaikin "
"558","biaya  ribu  dewasa biaya  ribu  anak anak diatas   "
"559","bersih rama   liburan anak sekolah kesini  rangka nonton banan jazz festival  tiket yg dijual kayanya  bgt ya jd stage keliatan te dr kursi blkg"
"560"," indah   berkunjung   aikan unjung tidah    candi kekurangan jalan    memutar tanda angkutan masal yg tersedia"
"561","situs akala   bagus menyimnilai sejarah tersendiri  memiliki legendanya "
"562"," cin  sungguh menakjubkan situs  hebat   bangun  zaman "
"563","cagar budaya kebanggaan seandainya museum   lokasi desebelum  candi  menambah alaman     diteman  arah    dilewati unjung sayang    info   dida"
"564","sensasi tersendiri  berkunjung  candi prambanan  sore "
"565","asrinyaman   sekedar jalan lingkungan tenang  bersih"
"566"," masuk   barengannya hehe kemarin barengannya  diajak   sakit video sam gerbang"
"567","wisata candi temibadah umat hindu  berian yg sokarena  temwisata  jg temibadah"
"568","candi prambanan  candi roro jonggrang  koms candi hindu terbesar  indonesia  dibangun  abad  masehi candi  diembahkan  trimurti  dewa utama hindu  brahma  dewa iwisnu  dewa lihara  siwa  dewa snah"
"569","a heritage candi  megah salah  nggalan sejarah  arsitek terbaik  jamanya  nyaman dikunjungi sore   berkunjung  banan  luntuk mengunjungi candi  nya   candi banan  murah membeli tiket two way triambanan  candi ratu boko"
"570","kom candi  luas tembelajar sejarah  menyenangkan diu  ndu wisata   beralaman  menambah etahuan  terkait candi banan"
"571"," kesini   blom  bahan    cukunyak bahan sih"
"572","taman wisata candi terler  kota jogja   selimuti cerita misteri turun temurun area taman yg  luas  lahan ir  sulebar menjadikan destinasi    nyaman  kunjungi"
"573","mengenalkan sejarah  anak  "
"574"," kali  siniwaktu ama  kirax      dimasuki candixnya tetaetelah  wabah   kalinya      diizin  masuk   candi"
"575","pas kesana kebagian hujan taeteru "
"576","situs  bagus nan indah disertai panorama keindahan candi yg jarang   temui  taen  cocok  utk edukasi belajar  menambah wawasan   budaya leluhur "
"577","candi  jaraknya  menit  kota jogja candi hindu terbesar  indonesia terletak  jogja  jateng   atasan kalo kesini disarankan bawa totau ng  kalo siang s banget"
"578","lumayan luas kalo    bagusnya    view nya bagus    kalo sore  candi nya membelakangi matahari jd  gelalau ambil dr u   masuk candi  kalo kesini jgn luawa masker krn "
"579","candi prambanan merun candi hindu terbesar  indonesia bentuk candi  megah menjulang   takjub  kehebatan uatnya   keliling  menyewa golf car saran   kesini sore  ndangan senja "
"580","    orang i  candi sewu  temkeren banget  udah  x      sore tetenaass  pelayanan bagus  bersih  resto    mahaaaalll  mushola      iran kotor"
"581"," emi yanan cukurbeda sebwlum masuk loket  cek suhu  cuci tangan  kom candi    candicandi suasana  sean mobil  suka muter terbatas"
"582","temyang bagus  mengenang sejarah indonesia    sayang  kesini   tahamugaran beberareanya semoga  hasilnya bagus  damemahankan kondisi candi  tetai  taena"
"583","salah  situs candi  view  landscaang cantik    musti kesini   manfaatkan moment  han view  sisi mengambil foto     disisi yg mainstream dgn orang      mendaangle foto yg cantik    yg  "
"584","candi prambanan massa emik   unjung  masuk kedalam arca  kwatirkan  rusak   orang   bertanggujawab  membawa bom dll  candi   jaga kelestarian ya  anak cucu   "
"585"," sekedar info        candi"
"586","sejarah kerajaan indonesia  memna  ndangan candi  temyang terawat   temyang bagus  salah  elajaran sejarah indonesia"
"587"," sei    smsana  kesini      wisatawan asing  lokal   ketemu bule belajar bahasa inggris  kesini  "
"588","temyang  a cerita tersendiri setiaya kesini"
"589","candinya bagus tyang biaya masuknya   aja skrng terkesan  komersil sih "
"590","bagus bgt  wisata  belajar mengenalkan anak  sejarah budaya indonesia abad   tiket masuk nya rb  dewasa  anak rb   bs jg beli tiket terusan  borobudur  candi ratu boko kalo tiket terusan rbdewasa anakrb"
"591","gak  berkatakata  sih  i kagum banget cuaca s     mendukung  foto keindahan candi  langit biru   berawan bikin  betah berlamalama disana"
"592"," tau kalo banan  salah  candi ebaran agama hindu  budha not just hindutg utk skrg ga  masuksama sei borobudur"
"593","kaget  masuk tiket nya mahal banget ribu  wisatawan lokal sei  hikshiks    mahal      mengunjungi temwisata sejarah  ramah lingkungan"
"594","terimakasih prambanan  twc   mensut  mengizinkan  mengadakan event bergengsi jambore nasional mercedes benz   temyang    mamenam ribuan kendaraan    kesan   terlun"
"595"," taman nya bagus agi  bersantai menikmati momen rekomended   liburan  daview yg bagus  daetahuan   berkunjung  luasuk museum nya  yaa  "
"596","kesini snya agustus ik sekolahan"
"597","bagus sihcuma u ektra stamina  mengitari area  ir u masuk samkeluar  "
"598","amazing candinya  terawat  tembermain  "
"599","destinasi wisata  yogyakarta  menawarkan view bangunan candi    diadakan festival sei prambanan jazz  konser konser musik    konser westlife tour "
"600","candi prambanan  candi roro jonggrang  koms candi hindu terbesar  indonesia  dibangun  abad  masehi candi  diembahkan  trimurti  dewa utama hindu  dewa brahma  dewa idewa wisnu  dewa lihara  dewa siwa  dewa snah"
"601","menyenangkan   prambanan tour guidenya  informatif  elasan  sejarah candi prambanan berdasarkan fakta  mitos tersedia kendaraan  keliling candi  ga capek"
"602","heritagekebanggaan negeri yg   indahnya"
"603","prambanan temviewed from the rama shinta garden resto"
"604","membutuhkan temteduh    menikmati ndangan   candi prambanan"
"605","pas ama liat candi  si waww banget  diluar ekssi kirain  candinya  aja ts lihat masyaalloh takjungett  bner indah  megah banget klo ga salah   candi  yg   candi utamanya yg bsa dimasukin "
"606","pintu masuk candi prambanan  tiket elektronik  unjung tertib memasuki area candi  u  terdaual souvenir kebanyakan kaos  kerajinan tangan"
"607","keren  next time i en dateng kesini   "
"608","pertamanya  prambanan  bertahun hidu jogja  main  jogja    trans jogja dr malioborobanan jalur a tiket rorang  trans jogja turun terminal banan ngnya jg  tiket masu "
"609","temwisata sejarah  edukasi  bagus kenyamanan mushola  toilet   temir mohon ditingkatkan lgkrn     lokasi  air kran   air"
"610","prabanan  bagus     lokasi   mudah  temukan  ah seengunjung     klo kesini  sore  biar dair yg adem  cuaca  adem"
"611","lingkungan bersih tertata  asri kalo  jogja wajib singgah kesini"
"612"," normal unjung rame banget agi holiday season"
"613","  acara prambanan jazz   liburan sekolah  ramai "
"614"," indah  sayang   berkunjung    ptkm karna    masuk kedalam are candi banan mauboko    halaman candi   sabar yah samasa eminya   membaik"
"615","bagus temya asri  foto jg bagus "
"616","tiket lokal k pas kesini hujan lebat semmati listrik  nunggu   beli tiketnya ga  liat   setiandi nya"
"617","biaya masuk k jam osional  saml   pandemi suasananya enak bersih      sedia ng yah   siang terik banget good place in yogyakarta"
"618","candi h na misteri  nilai historis terletak     jalan utama menjadikannya  destinasi wisata   target utama"
"619","main  prambanan    lalusangat bersih protokol kesehatan   higienis  sarana didalam  nyaman  asri  menyejukkan mata"
"620","candi nggalan daban umat hindu terbesar  ah dibangun kerajaan jawa kuno  n rimbun disana  berteduh  wahananya "
"621"," corona   masuk     senin  main  area candi  yogyakarta   senin ya walauada komasi kereta gratis  keliling area   worthit   ewaan   "
"622","warisan sejarah bangsa  cikarya  kerajaan    u dijaga  dilestarikan    bangsa memiliki warisan yg memiliki nilai seni  nilai sejarah  begiru "
"623","candi dirawat   tour guide nya ramah   temnya sejuk"
"624","skrg sdh  batasi tdk   area candi sebatas  taran "
"625","kirain   borobudur  ir nya murahheheheh kesini kemarin  mandiri yogya marathon  agustus  lokasinya bersih  rame wisatawan masuk gratis  tia hehehd"
"626","salah  wisata   dikunjungi   jawa  walaubaru ama kali kesini zaman smp ituga  taatisfied banget pengen kesini  taaya   kesemn   muncul pengen exe "
"627","candi prambanan   jl raya yogyakarta  solo   menit  t kota yogyakarta biaya masuk candi prambanan  rborang  emi  candi banan menera sistem okol  disi candi prambanan "
"628","kereeeeeennnnn candinya hiburan after eaccess meeting in scu"
"629"," jalan olahraga menikmati ndangan"
"630","wow just wow amazing enggalan sejarah budaya indonesia  "
"631","candi nya bagus  kerenbanyak turist    karna saran  sei akurecomended banget      jogja  dateng kesini"
"632","temyang  menarik   berkunjung  jogjakarta  berfoto  melet  jngan luaat ng mamke temoleh banan  harganya  murah"
"633","candi yg    dikelilingi ndangan sawah nan hijau    candi   keliling  banannice e"
"634","temyg cocok dikunjungi  jalan santai   kesini  jam set  sore  cuacanya bersahabat   merasakan teriknya matahari"
"635","sfoto keren rnya  jual  souvenir  khas jogja   yg jual kuliner dawet  l   layang jual cobek asli batu nb  ar menawar  daharga  miring ya  "
"636","temyg bagus  menyenangkan harga tiket relatif murah"
"637","harga tiket masuk rb terusan  borobudur rb didalamnya   mini kebun binatang  kasuari rusa merak  kambing"
"638","temya cozy banget  suasana malamnya indah banget"
"639","situs budaya nggalan agama hindu   as  dikunjungi temya  bersih indah  ndangan candi yg megah"
"640","candi prambanan indahz luas   saran     senin bilang  masuk   area candi  akalau senin area candi   ditengah   diakses   ersihan  rutin setiari senin"
"641","  samekarang ga ah bosen   prambanan tembersejarah   ngasih  jaran biaya masuk  ribu  mutermuter senya protokol kesehatan   emi  bagus kalo  nyari temfoto    syang  dii"
"642"," u diragukan  kecantikan koms candi prambanan  nta  kmat kemegahan  candi       mengunjungi  candinya  tiadut   candi nya  kunjungi   "
"643","kemegahan bangunan bangunan candi   kawasan prambanan merun kawasan atasan  kabun sleman provinsi diy  kabun klaten provinsi jawa   banyaknya situs  tersebar    kawasan prambanan  "
"644","temwisata sejarah yg keren  kassna   aikan watan  bbrndi cocok membawa anak tuk memenalkan sejarah"
"645","candi hindu yg   indah wajib kesini"
"646"," enak  tiket terusan  rb walaucuma  taran  ga       mengenal   sejarah indonesia tercinta  "
"647","pas ama liat candi  si waww banget  diluar ekssi kirain  candinya  aja ts lihat masyaalloh takjungett  bner indah  megah banget klo ga salah   candi  yg   candi utamanya yg bsa dimasukin "
"648","slalu  tembersejarah  karna nama deya  dgn namaku temini wajib  lestarikan  wajib berkunjung kesini"
"649","definisi wisata histori  keren"
"650","peninggalan kerajaan jaman hindu  u  arsitekturnya yg   menyusun batu yg dibentuk taisa kokoh berdiri ratusan  "
"651","  emi tetaka   tetanjalankan okol kesehatan  ketat  htm  rb  wisatawan domestik "
"652","pas ama liat candi  si waww banget  diluar ekssi kirain  candinya  aja ts lihat masyaalloh takjungett  bner indah  megah banget klo ga salah   candi  yg   candi utamanya yg bsa dimasukin "
"653"," indonesia   candi   megah    kunjungi candi prambanan salah   wajib  kunjungi  berjarak  menit  kota yogyakarta "
"654","mantaewnya banget suasana cerah    indah candi prambanan ya tiketnya  k  wisata  prambanan"
"655","puas deh berlibur  prambanan  sisi kanan u masuk kmu  belanja   khas prambanan   baju samakanan "
"656","salah  cita  dr   main   candi prambanan hehehe  alhamdulillah kesam   usia ham th amazing e with amazing soul  temya bersihhhhhh toilet bersih kalo siang s bgt    jaga "
"657","candi hindu terbesar  indonesia arsitekturnya keren    ujung candi  jatuh disebabkan gemesar  kawasan gunung merapi"
"658","gak  ah bosen liburan kesini  karna temya luas  sejuk makanan   khas jogja nya cukurah "
"659","salah   terbaik  mengunjungi candi prambanan menurutku  sore  seleshalat ashar mengacukua foto    suasana  candi prambanan  matahari  tenggelam  i matahari "
"660","candi   terkenal   org saran  cerita rakyatnya bangunan yg megah  menakjubkan  mata yg   terkesima   bangunan semegah        malam tulah kisahnya"
"661","candi prambanan temwisata  nyaman  keluarga belajar sejarah  museum   didalam  foto foto  terlamdadilihat   harga tiket sam"
"662"," emi tetebuka dgn prokes keamanan  kebersihan  bagus parkir  nyaman tiket masuk lumayan mahal r orang"
"663","candi prambanan terletak  jogjakarta  kelebihan candi prambanan  "
"664","peninggalan sejarah nenek moyang   "
"665","peninggalan sejarah fenomenal  legenda roro jonggrangnya"
"666","worth it tiket harga ribu dewasa  lingkungan bangunan bersejarah hindu  indah banget  belajar  sejarah hindu  indonesiaharus visit candi prambanan   museum gratis masuk candi megah maukecil nan "
"667","wisata sejarah dak   kota jogja"
"668","seneng banget  kesini menyaksikan langsung keindahan candi banan  "
"669","penitibarang gratis sayangnya dilarang membawa makanan   lokasi"
"670","bagus wisata sejarahnya jogja istimewa"
"671","pengalaman  mengajak anak  candi  bbrhun   borobudur  tau klo   ga  masuk   candinya   decandinya  "
"672","pemandangan bagus   tourist "
"673","indah memna t dijaga salah  keajaiban dunia milik bangsa   "
"674","candi prambanan merun salah  destinasi wisata   sayang    kunjungi  berwisata  klaten maudi jogjakarta candi prambanan  terawat   bersih  nyaman   dikunjungi "
"675","tiket masuk rb dimasa emi covid  dilarang masuk  candi  harga tiket  turunkan    masuk  objek jd sayang sfoto  dabanyak  okol kesehatan  cukusi   ng    hand sanitizer  suen vitamin"
"676","lokasi mudah  jangkau ir luas"
"677","cantikberhub hujan  sdh sore tetentik"
"678","temya  indah sayanya tdk  masuk  candinya"
"679","candi prambananataucandi roro jonggranghanacarakaꦕꦤꦝꦥꦩꦧꦤꦤcandhi prambanan  komscandihinduterbesar diindonesiayang dibangun  abad  masehi candi  diembahkan untuktrimurti  dewa utama hindu "
"680","emeizing temsejarah indonesia tiket masuk dewasa rb anak rb kalo ga salah parkiran luas bawa ng aja ta yg suka sewain ng rb an juara candinya suka dii acara live music  tetaotokol kesehatan  temcuci tgn  dmn  wajib i masker"
"681","tanggal  desember  harga tiket r orang nya   beberarea candian  kawasan   luas"
"682","prambanan  luas banget ya tiket msuknya   ir  tat msuk  wahh keren bgt   takjubb  s"
"683","bersih salah  candi terbesar  indonesia"
"684","hallo butuh temstay  staycation  butuh temstay tugas  yuk reservasi  redseller resmi reddoorz reservasi  redseller  daharga   murah  aasi     langsung chat admin aja "
"685","candi prambanan merun salah  situs bersejarah nggalan agama hindu lokasi candi  mudah diakses  kendaraan roda emdam terletak  jalan raya perbatasan jalan jogjakarta  klaten temini   jadikan "
"686"," kesini   oktober   buka  jam         jam      jam       jam  menikmati tembersejarah  kota yogyakarta damai "
"687"," mewah  jamannya terhaleran  arsitektur    cerita  dalamnya beberaagian msh  aikan cuaca s siawa ng  berteduh  tdk takut hitam beberaali angin menyaebu"
"688"," direkomendasikan menemukan candi hindu  jawa"
"689","temyang wajib didatangi ala  yogykarta    belajar sejarah    damenikmati atraksi wisata  salah satunya jemngan  seni memanah tradisional    terdabeberaebun "
"690","menyenangkan  takjub  mata  imajinasi  adi sungguh  biasanamun sayangnya    masuk    "
"691","asri banget disinii suasana  ttema  ama kali kesana alhmdllah kmren    enakknya disni  an murahh dibanding tmlain"
"692"," smenarik  berfoto  salah  temwajib   dikunjungi    jogja  tdk membawa ng    sewa ng  de tiketmasuk  dewasa  rb  anak anaksamdengam    rb"
"693"," menikmati  liburan mencari jejak jejak  leluhur  beruandi candi kerajaan warisan nenek moyang jaman   t  telusuri situs   candi"
"694","   jg  s   bawa totau ng "
"695","menyenangkan  disayangkan   ditaran aja"
"696","berbeda  candi borobudur candi  cuacanya  s  souvenir fotonya  murah  idr  bulenya   diajak foto   senang    cinta turis   bertemu  orang "
"697","temyang  indah  kemegahan candi"
"698","salah  tembersejarah  jogja kesana    jasa guide  damemjari makna  terkandung   relief    relief memiliki cerita  damenjadi jaran  tiket "
"699","transasi  candi prambanan  mudah  jogjakarta  kesini x   ah bosan  belaja sejarah hunting fotofoto cantik  kuliner "
"700","peninggalan sejarah bangsa  menakjubkan"
"701","mantab pemandangannya indah  htm rborg  kreta odongnya  keliling   candi"
"702","emang ng asik  wisata sejarah  nggalan budaya     sore     s "
"703","tembersejarah      orang tau  tiket masuk   kesini   domestik k  weekend  cukumai agi kalo udah masuk jam siang "
"704","candi prambanan merun temwisata sejarah    yogyakarta  jawa    koms candi  faslitas  lengkalai  toilet  bersih ir luas tembelanja foodcourt kebun binatang "
"705","temya   tertata     obyek wisata kelas dunia   fasilitasnya    harga tiketnya masuknya     berkelas  tiket domestik nya harganya  h ribu "
"706","salah  lokasi sejarah  wajib  kunjungi penataan wisatawan nya  lumayan  fasilitas nya   pemberdayaan golf cart seinya u ditingkatkan   dibawah x  sehari   cart yg  naiki "
"707","triambanan dadakan  letak  "
"708","sfoto beragam    fasilitas bermain  luas    terawat inya  nilai   tiada duanya  candi   objek utama beberaembermain   fasilitas  "
"709","tembersejarah yg eselain candi  tembinatang simulator d  gantung   wahana  bagusnya klo berkunjung    siang klo sore backlight   fotonya"
"710","dibalik cerita sejarah  melegenda candi prambanan menyimkeindahan  kemegahan     kalah      keindahan candi prambanan mamenyedot wisatawan domestik mauwisatawan mancanegara "
"711","tembersejarah bagus bersih "
"712","temyang cocok  liburan keluarga  luas fasilitas cukungkailet mushola temistirahat  bermain anak dll letak candi utama    cukuuh   menit jalan kaki tada onaik   "
"713","ga  dianyakan   yaaa  candinya bagus tauuuuuu ga  review  candinya deh  review  belanjakulinernya aja wkwk eh bntar dsni skrg  mini zoo nya gitu lho  kelinci rusa  burung "
"714","candi banan merun nggalan sejarah   berusia ribuan    letaknya  yogyakarta      betaegahnya candicandi yabg berdiri tegak  "
"715","salah  wisata wajib  dikunjungi   jogja  candi borobudur malioboro  wisata   info  backer   trans jogja  turun  halte  bentor aja  jalan  masuknya  u masuk asli capek"
"716"," memasuki area candi prambanan unjung  membayar tiket  idr  a  tiket   scan  u masuk    siang  temini   s kadi  i    "
"717","candi banan wisata keluarga  daerah jogja biaya masuk rborang parkiran luas enak kalu bawa mobil  tutu jam  sei temwisata  tersedia  souvenirs khas banan  arah  candi "
"718","warbiasaa meskisan taeruu"
"719","temsakral  umat hindu  kearifan lokal  budaya"
"720","siaang  mengenal candi prambanan bangunan bersejarah  terletak  klaten yogyakarta   ramai unjung  lokal mauturis asing temini     sistem elolaannya fasilitas      tetaarak ir motor  u masuk  "
"721"," berkunjung  candi prambanan   februari   elola candi  mematikan keselamatan  unjungnya   menera okol kesehatan  ketat    emi  unjung "
"722","what a majestic tem  kesini sih jujur jaman sd taaa inya ga  berubah  menonjol banget bahannya sih inya fasilitas   candi   wahana foto  ala ala instagrammable s tai "
"723","suak terbayang bagus "
"724","tiket masuk wisatawan lokal usia  thn    rb usia dibawah  thn  rb tiket terusan  rb disarankan    jam   udara msh segar tdk s tdk bnyk angin hasil foto bagus tdk backlight makanan harga worthed "
"725","salah  warisan budaya  yogyakarta bangunan candi  megahindah  h sejarah htm dewasa r org "
"726","alami  gede banget area nya"
"727"," yg   renovasi taaya suka dr jakarta  yogya"
"728","peninggalan sejarah yg  terawat  indah utk dinikmati   koms  beberaandi yg  dinikmati  keindahannya candi sewu candi bubrah rekom  wisata  keluarga sahabat ataurekan kerja gk nyesel deh  kesini"
"729","salah  keajaiban dunia  suindah bangunan yg     sayang  yg rusak  runtuh  gemahsyat mengguncang yogyakarta"
"730","candi banan  situs nggalan kerajaan mataram yg terletak  jogjakarta  kawasan candi   kembangkan  maknet obyek wisata bersejarah kelas dunia  mengenalkan  wisatawan asing ataulokal indonesia "
"731"," kesekian kalinya  prambanan tetaa  suka o terusndangannya bikin ng  stotuk ambil o  aja sbaru  ambil objek o yg keren "
"732","nice eterakhir     temini with sahabat  kuliah  bareng ortu  adik next with husband amin "
"733","candi banan terletak  jawa  jalan  kesana  mudah  temukan  ma temir  luas  ir motor mobil maubus     memasuki kawasan banan   s  taangan "
"734"," masuk  area candi   u  r  langsung u  candi   masuk  area candi  tiket sesuai umur  banyaknya rombongan sayang sekrang candinya dibatasi tdk     candi petugasnya  dimana"
"735","situs candi  yogyakarta  memiliki sejarah dengam cerita rakyat roro jongrang temya  luas  lahan hijau  ndangan candi  memanjakan mata temini cocok     liburan  ngan   keluarga"
"736","masyaallah sungguh indah alam disekitar candi banan lokasi  jogja   menit    candi  sungguh ramai banget karna  rombongan tour dann travel   silih "
"737","candi prambanan bangunan bersejarah  wajib dikunjungi  liburan  jogja  lua  beli   mamke kenes bakery  resto  bakya enak banget recommended oh iya    candi banan "
"738","candhi prambanan  koms candi hindu terbesar  indonesia  dibangun  abad  masehi candi  diembahkan  trimurti  dewa utama hindu  brahma  dewa iwishnu  dewa lihara  "
"739","totally awesome tata letaknya so good  tenant food  kebersihannya terjaga  toilet bersih  candi  honan temsamada  manamana   habis makan tolong samya  buang  temya ya "
"740","one of the ious temive ever go sihh suka bangeett liat banan and not really far from jogja city itself bayar tiket masuk korang  dewasa ya kalo gasalah anak  k taalo  turis  saranin mending "
"741","indonesia  salah  negara ng kaya  seni  budaya  salah  nya candi prambanan  "
"742","candi prambanan terletak  lingkungan taman wisata prambanan    km  arah timur  yogyakarta teya  desa prambanan kecamatan bokoharjo lokasinya    m  jalan raya yogyasolo   sulit "
"743","candi  cantik  tiket masuk  wisatawan domestik rb  t   candi ratu boko"
"744"," bagus  wisata keluarga edukasi studytour dll wisata sejarah   lengkan temhijau  luas  hektar terbuka  tanah sewa acara mauevent wedding outdoor cam konser ran    pelayanan ramah   karyawan paket wisata tersaji beragam"
"745","salah  destinasi wisata  sekitaran jogja lokasi lumayan luas  bersih    yg dadibeli"
"746","candi meninggalkan alaman cinta       roro jonggrang tauga   suami th   ran  suami  motor  kota   jogja  "
"747","temir luas  tau sejarah candi banantemelian   "
"748","keren utk berwisata tyangnya  renovasi jd gak bs masuk candi utk liat ng jelmaan roro jonggrang"
"749","  musim covid sed enak  fotoan   tandem seru arealnya lg semenikmati udara segar"
"750","candi banan candi  megah  terdalegenda didalamnya    luas  megah temirnya bagus tertata ramasuk  u masuk bangunanya bagus moderen tiket masuk  orang dewasa    anak "
"751","berkunjung  emi jd   masuk  candinya    foto diluar r tiket masuk rbtiket mobil tayo rborg"
"752"," enjoy     candi  candi tersebar   crowded   titik tanah berrnya a sensasi  "
"753","pengalaman buruk gas masuk candi berani bentak unjung  temrekomendasi berkunjung   gas yg sei "
"754","salah  candi terbesar  terkenal  indonesia  wajib dikunjungi  daerah yogyakarta lokasi  mudah dicadan diakses  luas area   luas "
"755","pemandangan yg indah dgn  situs candi prambanan menajubkan"
"756","temwisata bersejarah  wajib dikunjungi  liburan  yogyakarta lokasinya    t kota  daditemdengan  transasi      a transasi adi transjogja "
"757"," kali  candi banan berkesan   walauharga tiket masuk   murah  tetatu  sesuai  fasilitas   dadi  lingkungan candi   kebersihan  kereta mobil  "
"758"," kuat staminanya  jalan kaki  luembawa toerta air mineral botol"
"759","kemarin  liburan kesini  temen temen ditahun    ama kalinya kesini  jakarta bener ya  orang aura romantis  mistis sih cuman takjub banget  kisah tragisnya nyi roro jongrang bukti  cinta  "
"760","temoke  siang s banget saran  bawa ng  rumah   irit taalau emang a budget   gk  ribet disana  ewaan ng "
"761","temyang  biasajogja istimewa"
"762","   kesini   sore    menikmati suasana candi prambanan  snya     tawar         masuk   candi   efek emi  alasan    candi    renovasi"
"763","candi banan siaih  gak  cerita dibalik bedirinya  candi nggalan nenek moyang    "
"764","candi prambanan salah  nggalan sejarah yg  dilestarikan kom  candi sdh  hijauan  sdh tertata reruntuhan candi disekitarnya yg akibat gemlangkah baiknya   diaiki   sunset  lokasi prambanan   indah"
"765","akses ketemini cukudah  sign systm  memudahkan unjung  mencacandi objek wisata   terawat  bersih salut  gas kebersihan candi prambanan  suntuk bero  k elola  "
"766","candi  indah meskitidak  borobudur  koms  terdamuseum banan    uatan candi  arca dll  toilet  kotor  flush      audio visual  banan  biaya r rang"
"767","selasa  seber   candi prambanan "
"768","candi prambanan  candi roro jonggrang bahasa jawa ꦕꦤꦝꦥꦩꦧꦤꦤ translit candhi prambanan  koms candi hindu terbesar  indonesia  dibangun  abad  masehi candi  diembahkan  trimurti  dewa "
"769","bayar tiket rb udah   candi borobudur  candi banan saran   beli  mending didaerah  dralioboro harga   murah kalo bawa barang   tenang  tiya gratis harga ir motor k  "
"770","candi hindu terbesar  indonesia  cocok  liburan  keluarga  menambah wawasan budaya transasi disekitar candi  mudah  t kota jogja   trans jogja "
"771","  candi banan  sarankan      datemir  nyaman    s  didalam   temuntuk berteduh  kawasan   terdabanyak candi  "
"772","tembersejarah  bagus     idikan sejarah  anak  dadan tau mengenal  nilai sejarah    bumi nusantara indonesia"
"773","salah  temwisata sejarah terbaik  jogja  banan  menambah fasilitas  wisatanya   damenikmati candi jaman     damenikmati candi yg    gayung  keliling "
"774","mantacagar budaya  indonesia tarif masuk  candi banan   ru terbayar  keindahan  luasnya   luas saran  i heels    encoooookkkk   i ng   takut item karna   sudus  candi nya"
"775","pengalaman   mengenal sejarah budaya  taari alanan mengelilingi candi yg ng berkesan   mengikuti latihan memanah     area candi   direkomendasi   wisatawanwisatawati"
"776"," membawa ng  cuaca  s banget  hujan deras  keliling   bawa  ewaan ng  seharian  diambil  u  "
"777","candi prambanan   beraali berkunjung tetangat enak  eksotis  salah  destinasi wisata  jogja   klaten  area ir  luas  terdaarea oleholeh  lengkan murah "
"778","  prambanan   kali kali   rombongan outing kantor harga tiket masuk r tetada t  candi   h t candi banan  boko r  fasilitas   candi boko disarankan "
"779"," indah  bersejarah  terdaarca  dewa  dewi      beberaewan langka   hara  temya  luas tiket masuknya cukuhal  temuntuk membeli  khas banan  kerajinan khas "
"780","candi prambanan salah  keajaiban kekuatan manusia jaman dahulutemini membawa nostalgia  sejarah  keindahan  nggalan akala "
"781","sia tenaga  cukutuk  exe   turun candi   arca  dalamnya tiket masuk idr    orang terdamuseum  imn koleksi khusus  memutar film  banan tersedia  ewaan   kereta kelinci  berkeliling koms candi"
"782","kenaalian   candi banan candi bananini memiliki   keindahan   arsitek bangunannya   megah dilengkaengan  candi utama    halaman "
"783","its to much love  great im hain here walaubanyak bangunan candi yg berserakan   tertata    kisahnya cukunarik  "
"784","bagus sekalisitus sejarah hindu nusantara  enak   datangnya areanya luas tersedia toilet   jalan   toko suvenir"
"785","kunjungan  sekian kalinya  kawasan candi prambanan  kali  temini         darma wisata  sma candi  terletak   insi jawa   jogja  terkenal  "
"786","tembersejarah luas  tertata   temsekitar yabg  dibangun fasilitas   tanerusak estetika asli  bangunan tersedia temibadah  toilet   unjung  taman bermain anakanak    makan rusa kelinci  candi banan   candi  dikom  "
"787"," disayangkan  letusan mera disertai gemesar  melanda yogyakarta bangunan disekitar candi utama  runtuh   angunan   miris nya  candi utama    ramungkin  "
"788","candi prambanan candi roro jongrang    kesini       nuansa  sistem yanan    beberaitik    arui tiket masuk lumayan mahal sekrang  rb akses masuk  mudah  raarkiran yg tertata   bersih "
"789"," bawa ng klo siang"
"790","  kali kesini   ah mengecewakan"
"791","indahhhhh  kekayaan nusantara indonesia best best best"
"792","candi   biasaaaaa biaya masuk  unjung domestik k jiga  mambawa barang    berat dianjurkan dititi  biaya tigratis    jalan lumayan   tangga dianjurkan "
"793","wisata wajib  legend    jogjakarta   coba  lengkalau gak a foto  temini  terawat temwisatanya kebersihan nomer   oleholeh   jual    murah harganya pokoknya recom banget dah   jogjakarta"
"794","siaang  kenal  candi prambanan candi hindu tertua diindonesia  arsitektur bangunan  berbentuk   ram sesuai  arsitektur hindu    candi siwa  candi utamacukurogoh kantong "
"795","kawasan wisata bersejarah  wajib dikunjungi wisatawan lokal maumancanegara   yogyakarta situs nggalan jaman kerajaan mataram hindu candi prambanan  merun kebanggaan bangsa indonesia kawasan banan   "
"796","keren banget sih ni candi terledr cerita rakyat  dikenal masyarakat indonesia candi banan   lbh eksotis dr ceritanya destinasinwisata  wajib  atang   jogja  juh  kota temyang terjaga   gak nyesel sih kesini hehhee norak yahh gw  "
"797","  sabtu unjung  ramai"
"798"," ng seru masuk gung teater    sebelah barat candibuat foto  bagustaidak tau ah  dibuka    "
"799","prambanan candi  klaten   cantik      sarankan sewa guide bayar   r taita  mendaan informasi sejarah budaya cerita rakyat  terkait  candi prambanan  "
"800","radan bersih terawat knya   tembersejarah   banget dikinjungi wisatawan asing    temsakral  terjaga    dirawat  terawat  dinas kebudayaan disitu  area candi  bersih    sam  weekend  harga   ikan"
"801","enak soaa   bertemu  bule  ndangan nya  epik"
"802","protokol kesehatan unjung dr  masuk sammenuju kawasan candi  ketat utk keselamatan  yanannya ramah temya bagus  wisata  enalan sejarah candi hindu  budha koms candinya luas  bersih   kereta utk mengelilingi koms candi lumbung candi bubrah  candi sewu"
"803","please s your time to watch  sendratari ramayana as a live show there esally for outdoor ormance its really nice and worthed "
"804","beautiful temomg im so amazeee so big tem orang indonesia  bangga   kesini siiihh taangan merusak  buang samsembarangan yak so clean so warm ahhh im in love at the first sight heree i wanna be back somday "
"805","salah  tembersejarah candi    situs warisan dunia unesco candi hindu terbesar  indonesia  salah  candi terindah  asia tenggara arsitektur bangunan  berbentuk   ram sesuai  "
"806","  orang beranggakalau sejarah candi banan   cerita roro jonggrang  bandung bondowoso    mitos candi hindu  dibangun  abad   masehi  ditemukan     salah  "
"807","really memorable  enak  guide biar tau  cerita  candi prambanan fasilitas   lengkagawai ramah  kawasan wisata nyaman  harga tiket r"
"808","koms badatan umat hindu  luas  fasilitas wisata kelas internasional"
"809","pemandangannya indaaaaahhhhhh banget bikin betah areanya luas pas kesini selfinya   dri candi  yg mengelilingi candi uta "
"810","my favorit destination betah berlamalama    candinya   magis banget ditambah temnya luas banget  arena kom  menawarkan hiburan  "
"811"," cakea   sayang kesini barengan  libur anak sekolah jd crowded banget"
"812","bangunan peninggalan sejarah   indah    beruandi hindu   megah kom candi dikelola    tamantaman   dirawat     luas    kegiatan  "
"813","bagus  mahal  kalo beli tiket terusan borobudur prambanan  murah emang emang bagus banget kayak taan kebersihan dll nya t nggk en  kesini lg  tiket masuk yg mahal doang  "
"814","tembersejarah  bikin terkagumkagum   belajar  agama mitologi sejarah  teknologi  lamtemyang instagrammable   menyajikan na  cantik   musim   fotografer "
"815","instif edukatif tembersejarah  cerita legenda  mengikutinya  destinasi wisata   lekang   penataan kunjungan  candi temistirahat tembermain kebun binatang mini r rakyat "
"816","temyang h  sejarah candi prambananataucandi roro jonggrang  komscandihinduterbesar diindonesiayang dibangun  abad  masehi candi  diembahkan "
"817","kagum  keindahan candi prambanan  beragam fasilitas  musium   kesitu siang berawan taemudian hujan     fasilitas cafe restaurant   candi utama cafe      "
"818","candinya  cantik"
"819","temnya bagus bersih cuman sayang     angunan candi yg runtuh tapp"
"820","salah  candi terbaik    sunset harga masuk lumayan taekat  bandara    hemat  trans jogya aja  bandara  "
"821","temwisata   indah   area candi banan    candi  tetauga  tembermain  suntuk foto  indah  temya  luas   sirang berjualan     makanan "
"822","candi prambanan   candi roro jonggrang jawa indonesia wow sunggu keajaiban dunia yg   lestarikan   jaga     daerah jogyakarta jawa indonesia ayo lihat  rasakan sensasi bangunan candi hindu terbesar  indonesia  candi terindah  indonesia  "
"823","candi hindu terbesar lokasi bersih njuk jalan  sfoto yg disediakan cukunyak  ama kali kesini      dateng    tetagitu    bersih ir lbh radan s"
"824"," kesekian kalinya    temya strategis  gir jalan luas    extra kuat  jalan kaki  samke candi ataukluar  candibanyak   berubah  karenakan  candi yg roboh "
